2025-11-04T05:24:27 exception: Failed to open "/home/riikq/.config/mpd/mpdstate": No such file or directory
2025-11-04T05:24:27 update: added plastic beach-gorillaz/06 Superfast Jellyfish (feat. Gruff Rhys & De La Soul).mp3
2025-11-04T05:24:27 update: added plastic beach-gorillaz/01 Orchestral Intro (feat. Sinfonia Viva).mp3
2025-11-04T05:24:27 update: added plastic beach-gorillaz/05 Stylo (feat. Mos Def & Bobby Womack).mp3
2025-11-04T05:24:27 update: added plastic beach-gorillaz/08 Glitter Freeze (feat. Mark E Smith).mp3
2025-11-04T05:24:27 update: added plastic beach-gorillaz/12 Sweepstakes (feat. Mos Def & Hypnotic Brass Ensemble).mp3
2025-11-04T05:24:27 update: added plastic beach-gorillaz/07 Empire Ants (feat. Little Dragon).mp3
2025-11-04T05:24:27 update: added plastic beach-gorillaz/09 Some Kind of Nature (feat. Lou Reed).mp3
2025-11-04T05:24:27 update: added plastic beach-gorillaz/17 Pirate's Progress.mp3
2025-11-04T05:24:27 update: added plastic beach-gorillaz/14 To Binge (feat. Little Dragon).mp3
2025-11-04T05:24:27 update: added plastic beach-gorillaz/02 Welcome to the World of the Plastic Beach (feat. Snoop Dogg & Hypnotic Brass Ensemble).mp3
2025-11-04T05:24:27 update: added plastic beach-gorillaz/16 Pirate Jet.mp3
2025-11-04T05:24:27 update: added plastic beach-gorillaz/13 Plastic Beach (feat. Mick Jones & Paul Simonon).mp3
2025-11-04T05:24:27 update: added plastic beach-gorillaz/11 Broken.mp3
2025-11-04T05:24:27 update: added plastic beach-gorillaz/10 On Melancholy Hill.mp3
2025-11-04T05:24:27 update: added plastic beach-gorillaz/04 Rhinestone Eyes.mp3
2025-11-04T05:24:27 update: added plastic beach-gorillaz/15 Cloud of Unknowing (feat. Bobby Womack & Sinfonia Viva).mp3
2025-11-04T05:24:27 update: added plastic beach-gorillaz/03 White Flag (feat. Bashy, Kano & the National Orchestra for Arabic Music).mp3
2025-11-04T05:24:27 update: added Guns n Roses - Appetite For Destruction/09 Sweet Child O' Mine.mp3
2025-11-04T05:24:27 update: added Guns n Roses - Appetite For Destruction/01 Welcome To The Jungle.mp3
2025-11-04T05:24:27 update: added Guns n Roses - Appetite For Destruction/07 My Michelle.mp3
2025-11-04T05:24:27 update: added Guns n Roses - Appetite For Destruction/10 You're Crazy.mp3
2025-11-04T05:24:27 update: added Guns n Roses - Appetite For Destruction/11 Anything Goes.mp3
2025-11-04T05:24:27 update: added Guns n Roses - Appetite For Destruction/03 Nightrain.mp3
2025-11-04T05:24:27 update: added Guns n Roses - Appetite For Destruction/08 Think About You.mp3
2025-11-04T05:24:27 update: added Guns n Roses - Appetite For Destruction/04 Out Ta Get Me.mp3
2025-11-04T05:24:27 update: added Guns n Roses - Appetite For Destruction/05 Mr. Brownstone.mp3
2025-11-04T05:24:27 update: added Guns n Roses - Appetite For Destruction/02 It's So Easy.mp3
2025-11-04T05:24:27 update: added Guns n Roses - Appetite For Destruction/06 Paradise City.mp3
2025-11-04T05:24:27 update: added Guns n Roses - Appetite For Destruction/12 Rocket Queen.mp3
2025-11-04T05:24:27 update: added JKT48/Fortune Cookie - JKT48.mp3
2025-11-04T05:24:27 update: added JKT48/Only Today - JKT48.mp3
2025-11-04T05:24:27 update: added JKT48/Seventeen - JKT48.mp3
2025-11-04T05:24:27 update: added JKT48/Aitakatta - JKT48.mp3
2025-11-04T05:24:27 update: added JKT48/Heavy Rotation - JKT48.mp3
2025-11-04T05:24:27 update: added lp_music-of-johann-strauss-no-2_johann-strauss-jr-clemens-krauss-wiener-ph/disc1/01.02. Der Zigeunerbaron―Overture.mp3
2025-11-04T05:24:27 update: added lp_music-of-johann-strauss-no-2_johann-strauss-jr-clemens-krauss-wiener-ph/disc1/02.01. Künstlerleben.mp3
2025-11-04T05:24:27 update: added lp_music-of-johann-strauss-no-2_johann-strauss-jr-clemens-krauss-wiener-ph/disc1/01.01. Die Fledermaus―Overture.mp3
2025-11-04T05:24:27 update: added lp_music-of-johann-strauss-no-2_johann-strauss-jr-clemens-krauss-wiener-ph/disc1/02.02. Frühlingsstimmen.mp3
2025-11-04T05:24:27 update: added Queen Albums/[1991] - Innuendo/06 - Ride The Wild Wind.mp3
2025-11-04T05:24:27 update: added Queen Albums/[1991] - Innuendo/07 - All God's People.mp3
2025-11-04T05:24:27 update: added Queen Albums/[1991] - Innuendo/08 - These Are The Days Of Our Lives.mp3
2025-11-04T05:24:27 update: added Queen Albums/[1991] - Innuendo/04 - I Can't Live With You.mp3
2025-11-04T05:24:27 update: added Queen Albums/[1991] - Innuendo/03 - Headlong.mp3
2025-11-04T05:24:27 update: added Queen Albums/[1991] - Innuendo/09 - Delilah.mp3
2025-11-04T05:24:27 update: added Queen Albums/[1991] - Innuendo/05 - Don't Try So Hard.mp3
2025-11-04T05:24:27 update: added Queen Albums/[1991] - Innuendo/02 - I'm Going Slighty Mad.mp3
2025-11-04T05:24:27 update: added Queen Albums/[1991] - Innuendo/12 - The Show Must Go On.mp3
2025-11-04T05:24:27 update: added Queen Albums/[1991] - Innuendo/10 - The Hitman.mp3
2025-11-04T05:24:27 update: added Queen Albums/[1991] - Innuendo/01 - Innuendo.mp3
2025-11-04T05:24:27 update: added Queen Albums/[1991] - Innuendo/11 - Bijou.mp3
2025-11-04T05:24:27 update: added Queen Albums/[1973] - Queen/08 - Son And Daughter.mp3
2025-11-04T05:24:27 update: added Queen Albums/[1973] - Queen/06 - The Night Comes Down.mp3
2025-11-04T05:24:27 update: added Queen Albums/[1973] - Queen/03 - Great King Rat.mp3
2025-11-04T05:24:27 update: added Queen Albums/[1973] - Queen/04 - My Fairy King.mp3
2025-11-04T05:24:27 update: added Queen Albums/[1973] - Queen/02 - Doing All Right.mp3
2025-11-04T05:24:27 update: added Queen Albums/[1973] - Queen/10 - Seven Seas Of Rhye... (Instrumental).mp3
2025-11-04T05:24:27 update: added Queen Albums/[1973] - Queen/01 - Keep Yourself Alive.mp3
2025-11-04T05:24:27 update: added Queen Albums/[1973] - Queen/07 - Modern Times Rock 'n' Roll.mp3
2025-11-04T05:24:27 update: added Queen Albums/[1973] - Queen/09 - Jesus.mp3
2025-11-04T05:24:27 update: added Queen Albums/[1973] - Queen/05 - Liar.mp3
2025-11-04T05:24:27 update: added Queen Albums/[1984] - The Works/07 - Keep Passing The Open Windows.mp3
2025-11-04T05:24:27 update: added Queen Albums/[1984] - The Works/09 - Is This The World We Created....mp3
2025-11-04T05:24:27 update: added Queen Albums/[1984] - The Works/05 - Machines (Or 'Back To Humans').mp3
2025-11-04T05:24:27 update: added Queen Albums/[1984] - The Works/04 - Man On The Prowl.mp3
2025-11-04T05:24:27 update: added Queen Albums/[1984] - The Works/01 - Radio Ga Ga.mp3
2025-11-04T05:24:27 update: added Queen Albums/[1984] - The Works/02 - Tear It Up.mp3
2025-11-04T05:24:27 update: added Queen Albums/[1984] - The Works/08 - Hammer To Fall.mp3
2025-11-04T05:24:27 update: added Queen Albums/[1984] - The Works/03 - It's A Hard Life.mp3
2025-11-04T05:24:27 update: added Queen Albums/[1984] - The Works/06 - I Want To Break Free.mp3
2025-11-04T05:24:27 update: added Queen Albums/[1976] - A Day At The Races/08 - Good Old-Fashioned Lover Boy.mp3
2025-11-04T05:24:27 update: added Queen Albums/[1976] - A Day At The Races/05 - You And I.mp3
2025-11-04T05:24:27 update: added Queen Albums/[1976] - A Day At The Races/01 - Tie Your Mother Down.mp3
2025-11-04T05:24:27 update: added Queen Albums/[1976] - A Day At The Races/07 - White Man.mp3
2025-11-04T05:24:27 update: added Queen Albums/[1976] - A Day At The Races/04 - The Millionaire Waltz.mp3
2025-11-04T05:24:27 update: added Queen Albums/[1976] - A Day At The Races/06 - Somebody To Love.mp3
2025-11-04T05:24:27 update: added Queen Albums/[1976] - A Day At The Races/03 - Long Away.mp3
2025-11-04T05:24:27 update: added Queen Albums/[1976] - A Day At The Races/10 - Teo Torriatte (Let Us Cling Together).mp3
2025-11-04T05:24:27 update: added Queen Albums/[1976] - A Day At The Races/02 - You Take My Breath Away.mp3
2025-11-04T05:24:27 update: added Queen Albums/[1976] - A Day At The Races/09 - Drowse.mp3
2025-11-04T05:24:27 update: added Queen Albums/[1986] - A Kind Of Magic/02 - A Kind Of Magic.mp3
2025-11-04T05:24:27 update: added Queen Albums/[1986] - A Kind Of Magic/09 - Princes Of The Universe.mp3
2025-11-04T05:24:27 update: added Queen Albums/[1986] - A Kind Of Magic/08 - Don't Lose Your Head.mp3
2025-11-04T05:24:27 update: added Queen Albums/[1986] - A Kind Of Magic/01 - One Vision.mp3
2025-11-04T05:24:27 update: added Queen Albums/[1986] - A Kind Of Magic/11 - Friends Will Be Friends Will Be Friends....mp3
2025-11-04T05:24:27 update: added Queen Albums/[1986] - A Kind Of Magic/03 - One Year Of Love.mp3
2025-11-04T05:24:27 update: added Queen Albums/[1986] - A Kind Of Magic/12 - Forever.mp3
2025-11-04T05:24:27 update: added Queen Albums/[1986] - A Kind Of Magic/06 - Who Wants To Live Forever.mp3
2025-11-04T05:24:27 update: added Queen Albums/[1986] - A Kind Of Magic/10 - A Kind Of 'A Kind Of Magic'.mp3
2025-11-04T05:24:27 update: added Queen Albums/[1986] - A Kind Of Magic/05 - Friends Will Be Friends.mp3
2025-11-04T05:24:27 update: added Queen Albums/[1986] - A Kind Of Magic/04 - Pain Is So Close To Pleasure.mp3
2025-11-04T05:24:27 update: added Queen Albums/[1986] - A Kind Of Magic/07 - Gimme The Prize (Kurgan's Theme).mp3
2025-11-04T05:24:27 update: added Queen Albums/[1974] - Sheer Heart Attack/06 - Now I'm Here.mp3
2025-11-04T05:24:27 update: added Queen Albums/[1974] - Sheer Heart Attack/09 - Dear Friends.mp3
2025-11-04T05:24:27 update: added Queen Albums/[1974] - Sheer Heart Attack/12 - She Makes Me (Stormtrooper In Stilettoes).mp3
2025-11-04T05:24:27 update: added Queen Albums/[1974] - Sheer Heart Attack/01 - Brighton Rock.mp3
2025-11-04T05:24:27 update: added Queen Albums/[1974] - Sheer Heart Attack/03 - Tenement Funster.mp3
2025-11-04T05:24:27 update: added Queen Albums/[1974] - Sheer Heart Attack/11 - Bring Back That Leroy Brown.mp3
2025-11-04T05:24:27 update: added Queen Albums/[1974] - Sheer Heart Attack/07 - In the Lap Of The Gods.mp3
2025-11-04T05:24:27 update: added Queen Albums/[1974] - Sheer Heart Attack/08 - Stone Cold Crazy.mp3
2025-11-04T05:24:27 update: added Queen Albums/[1974] - Sheer Heart Attack/02 - Killer Queen.mp3
2025-11-04T05:24:27 update: added Queen Albums/[1974] - Sheer Heart Attack/10 - Misfire.mp3
2025-11-04T05:24:27 update: added Queen Albums/[1974] - Sheer Heart Attack/05 - Lily Of The Valley.mp3
2025-11-04T05:24:27 update: added Queen Albums/[1974] - Sheer Heart Attack/13 - In The Lap Of The Gods...Revisited.mp3
2025-11-04T05:24:27 update: added Queen Albums/[1974] - Sheer Heart Attack/04 - Flick Of The Wrist.mp3
2025-11-04T05:24:27 update: added Queen Albums/[1975] - A Night At The Opera/06 - Sweet Lady.mp3
2025-11-04T05:24:27 update: added Queen Albums/[1975] - A Night At The Opera/12 - God Save The Queen (Instrumental).mp3
2025-11-04T05:24:27 update: added Queen Albums/[1975] - A Night At The Opera/01 - Death On Two Legs (Dedicated To...).mp3
2025-11-04T05:24:27 update: added Queen Albums/[1975] - A Night At The Opera/08 - The Prophet's Song.mp3
2025-11-04T05:24:27 update: added Queen Albums/[1975] - A Night At The Opera/11 - Bohemian Rhapsody.mp3
2025-11-04T05:24:27 update: added Queen Albums/[1975] - A Night At The Opera/02 - Lazing On A Sunday Afternoon.mp3
2025-11-04T05:24:27 update: added Queen Albums/[1975] - A Night At The Opera/10 - Good Company.mp3
2025-11-04T05:24:27 update: added Queen Albums/[1975] - A Night At The Opera/03 - I'm In Love With My Car.mp3
2025-11-04T05:24:27 update: added Queen Albums/[1975] - A Night At The Opera/04 - You're My Best Friend.mp3
2025-11-04T05:24:27 update: added Queen Albums/[1975] - A Night At The Opera/09 - Love Of My Life.mp3
2025-11-04T05:24:27 update: added Queen Albums/[1975] - A Night At The Opera/07 - Seaside Rendezvous.mp3
2025-11-04T05:24:27 update: added Queen Albums/[1975] - A Night At The Opera/05 - '39.mp3
2025-11-04T05:24:27 update: added Queen Albums/[1980] - The Game/04 - Need Your Loving Tonight.mp3
2025-11-04T05:24:27 update: added Queen Albums/[1980] - The Game/06 - Rock It (Prime Jive).mp3
2025-11-04T05:24:27 update: added Queen Albums/[1980] - The Game/02 - Dragon Attack.mp3
2025-11-04T05:24:27 update: added Queen Albums/[1980] - The Game/01 - Play The Game.mp3
2025-11-04T05:24:27 update: added Queen Albums/[1980] - The Game/10 - Save Me.mp3
2025-11-04T05:24:27 update: added Queen Albums/[1980] - The Game/05 - Crazy Little Thing Called Love.mp3
2025-11-04T05:24:27 update: added Queen Albums/[1980] - The Game/03 - Another One Bites The Dust.mp3
2025-11-04T05:24:27 update: added Queen Albums/[1980] - The Game/08 - Sail Away Sweet Sister.mp3
2025-11-04T05:24:27 update: added Queen Albums/[1980] - The Game/09 - Coming Soon.mp3
2025-11-04T05:24:27 update: added Queen Albums/[1980] - The Game/07 - Don't Try Suicide.mp3
2025-11-04T05:24:27 update: added Queen Albums/[1982] - Hot Space/04 - Body Language.mp3
2025-11-04T05:24:27 update: added Queen Albums/[1982] - Hot Space/07 - Life Is Real (Song For Lennon).mp3
2025-11-04T05:24:27 update: added Queen Albums/[1982] - Hot Space/08 - Calling All Girls.mp3
2025-11-04T05:24:27 update: added Queen Albums/[1982] - Hot Space/01 - Staying Power.mp3
2025-11-04T05:24:27 update: added Queen Albums/[1982] - Hot Space/02 - Dancer.mp3
2025-11-04T05:24:27 update: added Queen Albums/[1982] - Hot Space/09 - Las Palabras De Amor (The Words Of Love).mp3
2025-11-04T05:24:27 update: added Queen Albums/[1982] - Hot Space/11 - Under Pressure.mp3
2025-11-04T05:24:27 update: added Queen Albums/[1982] - Hot Space/06 - Put Out The Fire.mp3
2025-11-04T05:24:27 update: added Queen Albums/[1982] - Hot Space/03 - Back Chat.mp3
2025-11-04T05:24:27 update: added Queen Albums/[1982] - Hot Space/10 - Cool Cat.mp3
2025-11-04T05:24:27 update: added Queen Albums/[1982] - Hot Space/05 - Action This Day.mp3
2025-11-04T05:24:27 update: added Queen Albums/Queen-Flash.mp3
2025-11-04T05:24:27 update: added Queen Albums/[1978] - Jazz/08 - In Only Seven Days.mp3
2025-11-04T05:24:27 update: added Queen Albums/[1978] - Jazz/12 - Don't Stop Me Now.mp3
2025-11-04T05:24:27 update: added Queen Albums/[1978] - Jazz/04 - Bicycle Race.mp3
2025-11-04T05:24:27 update: added Queen Albums/[1978] - Jazz/09 - Dreamer's Ball.mp3
2025-11-04T05:24:27 update: added Queen Albums/[1978] - Jazz/05 - If You Can't Beat Them.mp3
2025-11-04T05:24:27 update: added Queen Albums/[1978] - Jazz/11 - Leaving Home Ain't Easy.mp3
2025-11-04T05:24:27 update: added Queen Albums/[1978] - Jazz/01 - Mustapha.mp3
2025-11-04T05:24:27 update: added Queen Albums/[1978] - Jazz/03 - Jealousy.mp3
2025-11-04T05:24:27 update: added Queen Albums/[1978] - Jazz/13 - More Of That Jazz.mp3
2025-11-04T05:24:27 update: added Queen Albums/[1978] - Jazz/10 - Fun It.mp3
2025-11-04T05:24:27 update: added Queen Albums/[1978] - Jazz/02 - Fat Bottomed Girls.mp3
2025-11-04T05:24:27 update: added Queen Albums/[1978] - Jazz/07 - Dead On Time.mp3
2025-11-04T05:24:27 update: added Queen Albums/[1978] - Jazz/06 - Let Me Entertain You.mp3
2025-11-04T05:24:27 update: added Queen Albums/[1974] - Queen II/07 - The Fairy Feller's Master-Stroke.mp3
2025-11-04T05:24:27 update: added Queen Albums/[1974] - Queen II/01 - Procession.mp3
2025-11-04T05:24:27 update: added Queen Albums/[1974] - Queen II/11 - Seven Seas Of Rhye.mp3
2025-11-04T05:24:27 update: added Queen Albums/[1974] - Queen II/09 - The March Of the Black Queen.mp3
2025-11-04T05:24:27 update: added Queen Albums/[1974] - Queen II/10 - Funny How Love Is.mp3
2025-11-04T05:24:27 update: added Queen Albums/[1974] - Queen II/06 - Ogre Battle.mp3
2025-11-04T05:24:27 update: added Queen Albums/[1974] - Queen II/08 - Nevermore.mp3
2025-11-04T05:24:27 update: added Queen Albums/[1974] - Queen II/02 - Father To Son.mp3
2025-11-04T05:24:27 update: added Queen Albums/[1974] - Queen II/05 - The Loser In The End.mp3
2025-11-04T05:24:27 update: added Queen Albums/[1974] - Queen II/03 - White Queen (As It Began).mp3
2025-11-04T05:24:27 update: added Queen Albums/[1974] - Queen II/04 - Some Day One Day.mp3
2025-11-04T05:24:27 update: added Queen Albums/[1989] - The Miracle/04 - I Want It All.mp3
2025-11-04T05:24:27 update: added Queen Albums/[1989] - The Miracle/07 - Rain Must Fall.mp3
2025-11-04T05:24:27 update: added Queen Albums/[1989] - The Miracle/05 - The Invisible Man.mp3
2025-11-04T05:24:27 update: added Queen Albums/[1989] - The Miracle/02 - Khashoggi's Ship.mp3
2025-11-04T05:24:27 update: added Queen Albums/[1989] - The Miracle/06 - Breakthru.mp3
2025-11-04T05:24:27 update: added Queen Albums/[1989] - The Miracle/08 - Scandal.mp3
2025-11-04T05:24:27 update: added Queen Albums/[1989] - The Miracle/13 - The Invisible Man (12 Version).mp3
2025-11-04T05:24:27 update: added Queen Albums/[1989] - The Miracle/01 - Party.mp3
2025-11-04T05:24:27 update: added Queen Albums/[1989] - The Miracle/12 - Chinese Torture.mp3
2025-11-04T05:24:27 update: added Queen Albums/[1989] - The Miracle/09 - My Baby Does Me.mp3
2025-11-04T05:24:27 update: added Queen Albums/[1989] - The Miracle/10 - Was It All Worth It.mp3
2025-11-04T05:24:27 update: added Queen Albums/[1989] - The Miracle/11 - Hang On In There.mp3
2025-11-04T05:24:27 update: added Queen Albums/[1989] - The Miracle/03 - The Miracle.mp3
2025-11-04T05:24:27 update: added Queen Albums/[1977] - News Of The World/10 - It's Late.mp3
2025-11-04T05:24:27 update: added Queen Albums/[1977] - News Of The World/04 - All Dead, All Dead.mp3
2025-11-04T05:24:27 update: added Queen Albums/[1977] - News Of The World/11 - My Melancholy Blues.mp3
2025-11-04T05:24:27 update: added Queen Albums/[1977] - News Of The World/01 - We Will Rock You.mp3
2025-11-04T05:24:27 update: added Queen Albums/[1977] - News Of The World/06 - Fight From The Inside.mp3
2025-11-04T05:24:27 update: added Queen Albums/[1977] - News Of The World/07 - Get Down, Make Love.mp3
2025-11-04T05:24:27 update: added Queen Albums/[1977] - News Of The World/09 - Who Needs You.mp3
2025-11-04T05:24:27 update: added Queen Albums/[1977] - News Of The World/08 - Sleeping On The Sidewalk.mp3
2025-11-04T05:24:27 update: added Queen Albums/[1977] - News Of The World/03 - Sheer Heart Attack.mp3
2025-11-04T05:24:27 update: added Queen Albums/[1977] - News Of The World/05 - Spread Your Wings.mp3
2025-11-04T05:24:27 update: added Queen Albums/[1977] - News Of The World/02 - We Are The Champions.mp3
2025-11-04T05:24:27 update: added Queen Albums/[1995] - Made In Heaven/03 - Let Me Live.mp3
2025-11-04T05:24:27 update: added Queen Albums/[1995] - Made In Heaven/11 - It's A Beautiful Day (Reprise).mp3
2025-11-04T05:24:27 update: added Queen Albums/[1995] - Made In Heaven/06 - I Was Born To Love You.mp3
2025-11-04T05:24:27 update: added Queen Albums/[1995] - Made In Heaven/08 - Too Much Love Will Kill You.mp3
2025-11-04T05:24:27 update: added Queen Albums/[1995] - Made In Heaven/09 - You Don't Fool Me.mp3
2025-11-04T05:24:27 update: added Queen Albums/[1995] - Made In Heaven/05 - My Life Has Been Saved.mp3
2025-11-04T05:24:27 update: added Queen Albums/[1995] - Made In Heaven/13 - Untitled Hidden Track.mp3
2025-11-04T05:24:27 update: added Queen Albums/[1995] - Made In Heaven/12 - Yeah.mp3
2025-11-04T05:24:27 update: added Queen Albums/[1995] - Made In Heaven/04 - Mother Love.mp3
2025-11-04T05:24:27 update: added Queen Albums/[1995] - Made In Heaven/07 - Heaven For Everyone.mp3
2025-11-04T05:24:27 update: added Queen Albums/[1995] - Made In Heaven/10 - A Winter's Tale.mp3
2025-11-04T05:24:27 update: added Queen Albums/[1995] - Made In Heaven/01 - It's A Beautiful Day.mp3
2025-11-04T05:24:27 update: added Queen Albums/[1995] - Made In Heaven/02 - Made In Heaven.mp3
2025-11-04T05:24:27 update: added Natlan/[SPOTIFY-DOWNLOADER.COM] Thanks for the Fire.mp3
2025-11-04T05:24:27 update: added Natlan/[SPOTIFY-DOWNLOADER.COM] Feast and Bounty.mp3
2025-11-04T05:24:27 update: added Natlan/[SPOTIFY-DOWNLOADER.COM] Whirl of Chalchiuhtlicue.mp3
2025-11-04T05:24:27 update: added Natlan/[SPOTIFY-DOWNLOADER.COM] When Rain Clouds Gather.mp3
Note: Illegal Audio-MPEG-Header 0x00000000 at offset 148749.
Note: Trying to resync...
Note: Hit end of (available) data during resync.
2025-11-04T05:24:27 mpg123: mpg123_getformat() failed: Message: I am done with this track.
Note: Illegal Audio-MPEG-Header 0x00000000 at offset 148749.
Note: Trying to resync...
Note: Hit end of (available) data during resync.
2025-11-04T05:24:27 mpg123: mpg123_getformat() failed: Message: I am done with this track.
2025-11-04T05:24:27 ffmpeg/h263: Format h263 detected only with low score of 24, misdetection possible!
2025-11-04T05:24:27 ffmpeg/h263: Bad picture start code
2025-11-04T05:24:27 ffmpeg/h263: header damaged
2025-11-04T05:24:27 ffmpeg/h263: Could not find codec parameters for stream 0 (Video: h263, none): unspecified size
Consider increasing the value for the 'analyzeduration' (0) and 'probesize' (5000000) options
2025-11-04T05:24:27 update: added Natlan/[SPOTIFY-DOWNLOADER.COM] Chirping of Canyons.mp3
2025-11-04T05:24:27 update: added Natlan/[SPOTIFY-DOWNLOADER.COM] Arcana of Zipacna.mp3
2025-11-04T05:24:27 update: added Natlan/[SPOTIFY-DOWNLOADER.COM] Makani 'olu'olu.mp3
2025-11-04T05:24:27 update: added Natlan/[SPOTIFY-DOWNLOADER.COM] A Distant Farewell.mp3
2025-11-04T05:24:27 update: added Natlan/[SPOTIFY-DOWNLOADER.COM] The Heights of Rumikunamanta.mp3
2025-11-04T05:24:27 update: added Natlan/[SPOTIFY-DOWNLOADER.COM] Scarlet Song.mp3
2025-11-04T05:24:27 update: added Natlan/[SPOTIFY-DOWNLOADER.COM] Realm of Ethereal Murk.mp3
2025-11-04T05:24:27 update: added Natlan/[SPOTIFY-DOWNLOADER.COM] Fog of the Seasons.mp3
2025-11-04T05:24:27 update: added Natlan/[SPOTIFY-DOWNLOADER.COM] Chasing Flames Like Strings.mp3
2025-11-04T05:24:27 update: added Natlan/[SPOTIFY-DOWNLOADER.COM] Flute of Uilacapitztli.mp3
2025-11-04T05:24:27 update: added Natlan/[SPOTIFY-DOWNLOADER.COM] Promises by the Spring.mp3
2025-11-04T05:24:27 update: added Natlan/[SPOTIFY-DOWNLOADER.COM] ...Times Come Again No More.mp3
2025-11-04T05:24:27 update: added Natlan/[SPOTIFY-DOWNLOADER.COM] Moment of Solace.mp3
2025-11-04T05:24:27 update: added Natlan/[SPOTIFY-DOWNLOADER.COM] Chimes on the Blue Shore.mp3
Note: Illegal Audio-MPEG-Header 0x00000000 at offset 158791.
Note: Trying to resync...
Note: Hit end of (available) data during resync.
2025-11-04T05:24:27 mpg123: mpg123_getformat() failed: Message: I am done with this track.
Note: Illegal Audio-MPEG-Header 0x00000000 at offset 158791.
Note: Trying to resync...
Note: Hit end of (available) data during resync.
2025-11-04T05:24:27 mpg123: mpg123_getformat() failed: Message: I am done with this track.
2025-11-04T05:24:27 ffmpeg/mp3: Format mp3 detected only with low score of 24, misdetection possible!
2025-11-04T05:24:27 ffmpeg/mp3: Failed to find two consecutive MPEG audio frames.
2025-11-04T05:24:27 update: added Natlan/[SPOTIFY-DOWNLOADER.COM] Halls of Hueyteotl.mp3
2025-11-04T05:24:27 update: added Natlan/[SPOTIFY-DOWNLOADER.COM] Jubilation of Calcine.mp3
2025-11-04T05:24:27 update: added Natlan/[SPOTIFY-DOWNLOADER.COM] Delightful Whimsy.mp3
2025-11-04T05:24:27 update: added Natlan/[SPOTIFY-DOWNLOADER.COM] Sifu Moto.mp3
2025-11-04T05:24:27 update: added Natlan/[SPOTIFY-DOWNLOADER.COM] Undanced Dance.mp3
2025-11-04T05:24:27 update: added Natlan/[SPOTIFY-DOWNLOADER.COM] Dream of Tranquility.mp3
2025-11-04T05:24:27 update: added Natlan/[SPOTIFY-DOWNLOADER.COM] Dazzling Moon of Metztli.mp3
2025-11-04T05:24:27 update: added Natlan/[SPOTIFY-DOWNLOADER.COM] Rainbow Leis.mp3
2025-11-04T05:24:27 update: added Natlan/[SPOTIFY-DOWNLOADER.COM] Beat of Boulders.mp3
2025-11-04T05:24:27 update: added Natlan/[SPOTIFY-DOWNLOADER.COM] Flower Writing.mp3
2025-11-04T05:24:27 update: added Natlan/[SPOTIFY-DOWNLOADER.COM] Eventide Chant.mp3
2025-11-04T05:24:27 update: added Natlan/[SPOTIFY-DOWNLOADER.COM] After So Many Words.mp3
2025-11-04T05:24:27 update: added Natlan/[SPOTIFY-DOWNLOADER.COM] Quetzal's Yearning.mp3
2025-11-04T05:24:27 update: added Natlan/[SPOTIFY-DOWNLOADER.COM] Until the Morning After.mp3
2025-11-04T05:24:27 update: added Natlan/[SPOTIFY-DOWNLOADER.COM] Introduction to a Little Friend.mp3
2025-11-04T05:24:27 update: added Natlan/[SPOTIFY-DOWNLOADER.COM] Inheritance of an Ancient Name.mp3
2025-11-04T05:24:27 update: added Natlan/[SPOTIFY-DOWNLOADER.COM] Bequeathed to the Beloved.mp3
2025-11-04T05:24:27 update: added Natlan/[SPOTIFY-DOWNLOADER.COM] A Harvest of Dreams.mp3
2025-11-04T05:24:27 update: added Natlan/[SPOTIFY-DOWNLOADER.COM] Cuicatl of Kongamato.mp3
Note: Illegal Audio-MPEG-Header 0x00000000 at offset 159432.
Note: Trying to resync...
Note: Hit end of (available) data during resync.
2025-11-04T05:24:27 mpg123: mpg123_getformat() failed: Message: I am done with this track.
Note: Illegal Audio-MPEG-Header 0x00000000 at offset 159432.
Note: Trying to resync...
Note: Hit end of (available) data during resync.
2025-11-04T05:24:27 mpg123: mpg123_getformat() failed: Message: I am done with this track.
2025-11-04T05:24:27 ffmpeg/mp3: Format mp3 detected only with low score of 24, misdetection possible!
2025-11-04T05:24:27 ffmpeg/mp3: Failed to find two consecutive MPEG audio frames.
2025-11-04T05:24:27 update: added Natlan/[SPOTIFY-DOWNLOADER.COM] Silent Voices of the Night.mp3
2025-11-04T05:24:27 update: added Natlan/[SPOTIFY-DOWNLOADER.COM] A Night of Their Own.mp3
2025-11-04T05:24:27 update: added Natlan/[SPOTIFY-DOWNLOADER.COM] Baba we Twasali.mp3
Note: Illegal Audio-MPEG-Header 0x00000000 at offset 158792.
Note: Trying to resync...
Note: Hit end of (available) data during resync.
2025-11-04T05:24:27 mpg123: mpg123_getformat() failed: Message: I am done with this track.
Note: Illegal Audio-MPEG-Header 0x00000000 at offset 158792.
Note: Trying to resync...
Note: Hit end of (available) data during resync.
2025-11-04T05:24:27 mpg123: mpg123_getformat() failed: Message: I am done with this track.
2025-11-04T05:24:27 ffmpeg/mp3: Format mp3 detected only with low score of 24, misdetection possible!
2025-11-04T05:24:27 ffmpeg/mp3: Failed to find two consecutive MPEG audio frames.
2025-11-04T05:24:27 update: added Natlan/[SPOTIFY-DOWNLOADER.COM] Blazing Proclamation.mp3
2025-11-04T05:24:27 update: added Natlan/[SPOTIFY-DOWNLOADER.COM] Dust of Dusklands.mp3
2025-11-04T05:24:27 update: added Natlan/[SPOTIFY-DOWNLOADER.COM] Descendants of Ahkantenal.mp3
2025-11-04T05:24:27 update: added Oppenheimer/Trinity.mp3
2025-11-04T05:24:27 update: added Oppenheimer/Oppenheimer.mp3
2025-11-04T05:24:27 update: added Oppenheimer/Can You Hear The Music.mp3
2025-11-04T05:24:27 update: added Oppenheimer/Destroyer Of Worlds.mp3
2025-11-04T05:24:27 update: added Oppenheimer/Groves.mp3
2025-11-04T05:24:27 update: added Oppenheimer/Power Stays In The Shadows.mp3
2025-11-04T05:24:27 update: added Oppenheimer/Ground Zero.mp3
2025-11-04T05:24:27 update: added Oppenheimer/Atmospheric Ignition.mp3
2025-11-04T05:24:27 update: added Oppenheimer/Something More Important.mp3
2025-11-04T05:24:27 update: added Oppenheimer/A Lowly Shoe Salesman.mp3
2025-11-04T05:24:27 update: added Oppenheimer/Dr. Hill.mp3
2025-11-04T05:24:27 update: added Oppenheimer/Meeting Kitty.mp3
2025-11-04T05:24:27 update: added Oppenheimer/What We Have Done.mp3
2025-11-04T05:24:27 update: added Oppenheimer/American Prometheus.mp3
2025-11-04T05:24:27 update: added Oppenheimer/Fusion.mp3
2025-11-04T05:24:27 update: added Oppenheimer/Quantum Mechanics.mp3
2025-11-04T05:24:27 update: added Oppenheimer/Los Alamos.mp3
2025-11-04T05:24:27 update: added Oppenheimer/Fission.mp3
2025-11-04T05:24:27 update: added Oppenheimer/Gravity Swallows Light.mp3
2025-11-04T05:24:27 update: added Oppenheimer/Manhattan Project.mp3
2025-11-04T05:24:27 update: added Oppenheimer/Kitty Comes To Testify.mp3
2025-11-04T05:24:27 update: added Oppenheimer/The Trial.mp3
2025-11-04T05:24:27 update: added Oppenheimer/Theorists.mp3
2025-11-04T05:24:27 update: added Oppenheimer/Colonel Pash.mp3
2025-11-04T05:24:27 update: added Undertale - Lossless Soundtrack (toby fox)/toby fox - UNDERTALE Soundtrack - 19 Dogbass.mp3
2025-11-04T05:24:27 update: added Undertale - Lossless Soundtrack (toby fox)/toby fox - UNDERTALE Soundtrack - 49 It's Showtime!.mp3
2025-11-04T05:24:27 update: added Undertale - Lossless Soundtrack (toby fox)/toby fox - UNDERTALE Soundtrack - 54 Hotel.mp3
2025-11-04T05:24:27 update: added Undertale - Lossless Soundtrack (toby fox)/toby fox - UNDERTALE Soundtrack - 57 Live Report.mp3
2025-11-04T05:24:27 update: added Undertale - Lossless Soundtrack (toby fox)/toby fox - UNDERTALE Soundtrack - 84 Amalgam.mp3
2025-11-04T05:24:27 update: added Undertale - Lossless Soundtrack (toby fox)/toby fox - UNDERTALE Soundtrack - 40 Ghouliday.mp3
2025-11-04T05:24:27 update: added Undertale - Lossless Soundtrack (toby fox)/toby fox - UNDERTALE Soundtrack - 88 Burn in Despair!.mp3
2025-11-04T05:24:27 update: added Undertale - Lossless Soundtrack (toby fox)/toby fox - UNDERTALE Soundtrack - 99 Power of -NEO-.mp3
2025-11-04T05:24:27 update: added Undertale - Lossless Soundtrack (toby fox)/toby fox - UNDERTALE Soundtrack - 17 Snowy.mp3
2025-11-04T05:24:27 update: added Undertale - Lossless Soundtrack (toby fox)/toby fox - UNDERTALE Soundtrack - 66 Last Episode!.mp3
2025-11-04T05:24:27 update: added Undertale - Lossless Soundtrack (toby fox)/toby fox - UNDERTALE Soundtrack - 18 Uwa!! So Holiday♫.mp3
2025-11-04T05:24:27 update: added Undertale - Lossless Soundtrack (toby fox)/toby fox - UNDERTALE Soundtrack - 34 Memory.mp3
2025-11-04T05:24:27 update: added Undertale - Lossless Soundtrack (toby fox)/toby fox - UNDERTALE Soundtrack - 81 An Ending.mp3
2025-11-04T05:24:27 update: added Undertale - Lossless Soundtrack (toby fox)/toby fox - UNDERTALE Soundtrack - 11 Determination.mp3
2025-11-04T05:24:27 update: added Undertale - Lossless Soundtrack (toby fox)/toby fox - UNDERTALE Soundtrack - 27 Dating Fight!.mp3
2025-11-04T05:24:27 update: added Undertale - Lossless Soundtrack (toby fox)/toby fox - UNDERTALE Soundtrack - 52 Uwa!! So HEATS!!♫.mp3
2025-11-04T05:24:27 update: added Undertale - Lossless Soundtrack (toby fox)/toby fox - UNDERTALE Soundtrack - 28 Premonition.mp3
2025-11-04T05:24:27 update: added Undertale - Lossless Soundtrack (toby fox)/toby fox - UNDERTALE Soundtrack - 85 Fallen Down (Reprise).mp3
2025-11-04T05:24:27 update: added Undertale - Lossless Soundtrack (toby fox)/toby fox - UNDERTALE Soundtrack - 24 Bonetrousle.mp3
2025-11-04T05:24:27 update: added Undertale - Lossless Soundtrack (toby fox)/toby fox - UNDERTALE Soundtrack - 02 Start Menu.mp3
2025-11-04T05:24:27 update: added Undertale - Lossless Soundtrack (toby fox)/toby fox - UNDERTALE Soundtrack - 72 Song That Might Play When You Fight Sans.mp3
2025-11-04T05:24:27 update: added Undertale - Lossless Soundtrack (toby fox)/toby fox - UNDERTALE Soundtrack - 50 Metal Crusher.mp3
2025-11-04T05:24:27 update: added Undertale - Lossless Soundtrack (toby fox)/toby fox - UNDERTALE Soundtrack - 22 Snowdin Town.mp3
2025-11-04T05:24:27 update: added Undertale - Lossless Soundtrack (toby fox)/toby fox - UNDERTALE Soundtrack - 01 Once Upon a Time.mp3
2025-11-04T05:24:27 update: added Undertale - Lossless Soundtrack (toby fox)/toby fox - UNDERTALE Soundtrack - 60 Wrong Enemy !-.mp3
2025-11-04T05:24:27 update: added Undertale - Lossless Soundtrack (toby fox)/toby fox - UNDERTALE Soundtrack - 95 Bring It In, Guys!.mp3
2025-11-04T05:24:27 update: added Undertale - Lossless Soundtrack (toby fox)/toby fox - UNDERTALE Soundtrack - 59 Spider Dance.mp3
2025-11-04T05:24:27 update: added Undertale - Lossless Soundtrack (toby fox)/toby fox - UNDERTALE Soundtrack - 79 Your Best Nightmare.mp3
2025-11-04T05:24:27 update: added Undertale - Lossless Soundtrack (toby fox)/toby fox - UNDERTALE Soundtrack - 37 Pathetic House.mp3
2025-11-04T05:24:27 update: added Undertale - Lossless Soundtrack (toby fox)/toby fox - UNDERTALE Soundtrack - 46 Spear of Justice.mp3
2025-11-04T05:24:27 update: added Undertale - Lossless Soundtrack (toby fox)/toby fox - UNDERTALE Soundtrack - 41 Chill.mp3
2025-11-04T05:24:27 update: added Undertale - Lossless Soundtrack (toby fox)/toby fox - UNDERTALE Soundtrack - 39 Spookwave.mp3
2025-11-04T05:24:27 update: added Undertale - Lossless Soundtrack (toby fox)/toby fox - UNDERTALE Soundtrack - 97 But the Earth Refused to Die.mp3
2025-11-04T05:24:27 update: added Undertale - Lossless Soundtrack (toby fox)/toby fox - UNDERTALE Soundtrack - 96 Last Goodbye.mp3
2025-11-04T05:24:27 update: added Undertale - Lossless Soundtrack (toby fox)/toby fox - UNDERTALE Soundtrack - 20 Mysterious Place.mp3
2025-11-04T05:24:27 update: added Undertale - Lossless Soundtrack (toby fox)/toby fox - UNDERTALE Soundtrack - 94 Respite.mp3
2025-11-04T05:24:27 update: added Undertale - Lossless Soundtrack (toby fox)/toby fox - UNDERTALE Soundtrack - 82 She's Playing Piano.mp3
2025-11-04T05:24:27 update: added Undertale - Lossless Soundtrack (toby fox)/toby fox - UNDERTALE Soundtrack - 91 Final Power.mp3
2025-11-04T05:24:27 update: added Undertale - Lossless Soundtrack (toby fox)/toby fox - UNDERTALE Soundtrack - 10 Ghost Fight.mp3
2025-11-04T05:24:27 update: added Undertale - Lossless Soundtrack (toby fox)/toby fox - UNDERTALE Soundtrack - 05 Ruins.mp3
2025-11-04T05:24:27 update: added Undertale - Lossless Soundtrack (toby fox)/toby fox - UNDERTALE Soundtrack - 07 Anticipation.mp3
2025-11-04T05:24:27 update: added Undertale - Lossless Soundtrack (toby fox)/toby fox - UNDERTALE Soundtrack - 75 Barrier.mp3
2025-11-04T05:24:27 update: added Undertale - Lossless Soundtrack (toby fox)/toby fox - UNDERTALE Soundtrack - 78 You Idiot.mp3
2025-11-04T05:24:27 update: added Undertale - Lossless Soundtrack (toby fox)/toby fox - UNDERTALE Soundtrack - 53 Stronger Monsters.mp3
2025-11-04T05:24:27 update: added Undertale - Lossless Soundtrack (toby fox)/toby fox - UNDERTALE Soundtrack - 12 Home.mp3
2025-11-04T05:24:27 update: added Undertale - Lossless Soundtrack (toby fox)/toby fox - UNDERTALE Soundtrack - 35 Bird That Carries You Over A Disproportionately Small Gap.mp3
2025-11-04T05:24:27 update: added Undertale - Lossless Soundtrack (toby fox)/toby fox - UNDERTALE Soundtrack - 06 Uwa!! So Temperate♫.mp3
2025-11-04T05:24:27 update: added Undertale - Lossless Soundtrack (toby fox)/toby fox - UNDERTALE Soundtrack - 90 His Theme.mp3
2025-11-04T05:24:27 update: added Undertale - Lossless Soundtrack (toby fox)/toby fox - UNDERTALE Soundtrack - 21 Dogsong.mp3
2025-11-04T05:24:27 update: added Undertale - Lossless Soundtrack (toby fox)/toby fox - UNDERTALE Soundtrack - 43 Temmie Village.mp3
2025-11-04T05:24:27 update: added Undertale - Lossless Soundtrack (toby fox)/toby fox - UNDERTALE Soundtrack - 101 Good Night.mp3
2025-11-04T05:24:27 update: added Undertale - Lossless Soundtrack (toby fox)/toby fox - UNDERTALE Soundtrack - 16 Nyeh Heh Heh!.mp3
2025-11-04T05:24:27 update: added Undertale - Lossless Soundtrack (toby fox)/toby fox - UNDERTALE Soundtrack - 45 NGAHHH!!.mp3
2025-11-04T05:24:27 update: added Undertale - Lossless Soundtrack (toby fox)/toby fox - UNDERTALE Soundtrack - 63 It's Raining Somewhere Else.mp3
2025-11-04T05:24:27 update: added Undertale - Lossless Soundtrack (toby fox)/toby fox - UNDERTALE Soundtrack - 80 Finale.mp3
2025-11-04T05:24:27 update: added Undertale - Lossless Soundtrack (toby fox)/toby fox - UNDERTALE Soundtrack - 65 CORE.mp3
2025-11-04T05:24:27 update: added Undertale - Lossless Soundtrack (toby fox)/toby fox - UNDERTALE Soundtrack - 55 Can You Really Call This A Hotel, I Didn't Receive A Mint On My Pillow Or Anything.mp3
2025-11-04T05:24:27 update: added Undertale - Lossless Soundtrack (toby fox)/toby fox - UNDERTALE Soundtrack - 93 Menu (Full).mp3
2025-11-04T05:24:27 update: added Undertale - Lossless Soundtrack (toby fox)/toby fox - UNDERTALE Soundtrack - 31 Waterfall.mp3
2025-11-04T05:24:27 update: added Undertale - Lossless Soundtrack (toby fox)/toby fox - UNDERTALE Soundtrack - 67 Oh My....mp3
2025-11-04T05:24:27 update: added Undertale - Lossless Soundtrack (toby fox)/toby fox - UNDERTALE Soundtrack - 58 Death Report.mp3
2025-11-04T05:24:27 update: added Undertale - Lossless Soundtrack (toby fox)/toby fox - UNDERTALE Soundtrack - 73 The Choice.mp3
2025-11-04T05:24:27 update: added Undertale - Lossless Soundtrack (toby fox)/toby fox - UNDERTALE Soundtrack - 51 Another Medium.mp3
2025-11-04T05:24:27 update: added Undertale - Lossless Soundtrack (toby fox)/toby fox - UNDERTALE Soundtrack - 77 ASGORE.mp3
2025-11-04T05:24:27 update: added Undertale - Lossless Soundtrack (toby fox)/toby fox - UNDERTALE Soundtrack - 87 Hopes and Dreams.mp3
2025-11-04T05:24:27 update: added Undertale - Lossless Soundtrack (toby fox)/toby fox - UNDERTALE Soundtrack - 62 Oh! Dungeon.mp3
2025-11-04T05:24:27 update: added Undertale - Lossless Soundtrack (toby fox)/toby fox - UNDERTALE Soundtrack - 86 Don't Give Up.mp3
2025-11-04T05:24:27 update: added Undertale - Lossless Soundtrack (toby fox)/toby fox - UNDERTALE Soundtrack - 69 For the Fans.mp3
2025-11-04T05:24:27 update: added Undertale - Lossless Soundtrack (toby fox)/toby fox - UNDERTALE Soundtrack - 26 Dating Tense!.mp3
2025-11-04T05:24:27 update: added Undertale - Lossless Soundtrack (toby fox)/toby fox - UNDERTALE Soundtrack - 83 Here We Are.mp3
2025-11-04T05:24:27 update: added Undertale - Lossless Soundtrack (toby fox)/toby fox - UNDERTALE Soundtrack - 64 CORE Approach.mp3
2025-11-04T05:24:27 update: added Undertale - Lossless Soundtrack (toby fox)/toby fox - UNDERTALE Soundtrack - 42 Thundersnail.mp3
2025-11-04T05:24:27 update: added Undertale - Lossless Soundtrack (toby fox)/toby fox - UNDERTALE Soundtrack - 92 Reunited.mp3
2025-11-04T05:24:27 update: added Undertale - Lossless Soundtrack (toby fox)/toby fox - UNDERTALE Soundtrack - 56 Confession.mp3
2025-11-04T05:24:27 update: added Undertale - Lossless Soundtrack (toby fox)/toby fox - UNDERTALE Soundtrack - 89 SAVE the World.mp3
2025-11-04T05:24:27 update: added Undertale - Lossless Soundtrack (toby fox)/toby fox - UNDERTALE Soundtrack - 48 Alphys.mp3
2025-11-04T05:24:27 update: added Undertale - Lossless Soundtrack (toby fox)/toby fox - UNDERTALE Soundtrack - 25 Dating Start!.mp3
2025-11-04T05:24:27 update: added Undertale - Lossless Soundtrack (toby fox)/toby fox - UNDERTALE Soundtrack - 13 Home (Music Box).mp3
2025-11-04T05:24:27 update: added Undertale - Lossless Soundtrack (toby fox)/toby fox - UNDERTALE Soundtrack - 47 Ooo.mp3
2025-11-04T05:24:27 update: added Undertale - Lossless Soundtrack (toby fox)/toby fox - UNDERTALE Soundtrack - 15 sans..mp3
2025-11-04T05:24:27 update: added Undertale - Lossless Soundtrack (toby fox)/toby fox - UNDERTALE Soundtrack - 30 Undyne.mp3
2025-11-04T05:24:27 update: added Undertale - Lossless Soundtrack (toby fox)/toby fox - UNDERTALE Soundtrack - 38 Spooktune.mp3
2025-11-04T05:24:27 update: added Undertale - Lossless Soundtrack (toby fox)/toby fox - UNDERTALE Soundtrack - 76 Bergentrückung.mp3
2025-11-04T05:24:27 update: added Undertale - Lossless Soundtrack (toby fox)/toby fox - UNDERTALE Soundtrack - 09 Enemy Approaching.mp3
2025-11-04T05:24:27 update: added Undertale - Lossless Soundtrack (toby fox)/toby fox - UNDERTALE Soundtrack - 03 Your Best Friend.mp3
2025-11-04T05:24:27 update: added Undertale - Lossless Soundtrack (toby fox)/toby fox - UNDERTALE Soundtrack - 14 Heartache.mp3
2025-11-04T05:24:27 update: added Undertale - Lossless Soundtrack (toby fox)/toby fox - UNDERTALE Soundtrack - 29 Danger Mystery.mp3
2025-11-04T05:24:27 update: added Undertale - Lossless Soundtrack (toby fox)/toby fox - UNDERTALE Soundtrack - 44 Tem Shop.mp3
2025-11-04T05:24:27 update: added Undertale - Lossless Soundtrack (toby fox)/toby fox - UNDERTALE Soundtrack - 36 Dummy!.mp3
2025-11-04T05:24:27 update: added Undertale - Lossless Soundtrack (toby fox)/toby fox - UNDERTALE Soundtrack - 70 Long Elevator.mp3
2025-11-04T05:24:27 update: added Undertale - Lossless Soundtrack (toby fox)/toby fox - UNDERTALE Soundtrack - 68 Death by Glamour.mp3
2025-11-04T05:24:27 update: added Undertale - Lossless Soundtrack (toby fox)/toby fox - UNDERTALE Soundtrack - 71 Undertale.mp3
2025-11-04T05:24:27 update: added Undertale - Lossless Soundtrack (toby fox)/toby fox - UNDERTALE Soundtrack - 04 Fallen Down.mp3
2025-11-04T05:24:27 update: added Undertale - Lossless Soundtrack (toby fox)/toby fox - UNDERTALE Soundtrack - 74 Small Shock.mp3
2025-11-04T05:24:27 update: added Undertale - Lossless Soundtrack (toby fox)/toby fox - UNDERTALE Soundtrack - 98 Battle Against a True Hero.mp3
2025-11-04T05:24:27 update: added Undertale - Lossless Soundtrack (toby fox)/toby fox - UNDERTALE Soundtrack - 100 MEGALOVANIA.mp3
2025-11-04T05:24:27 update: added Undertale - Lossless Soundtrack (toby fox)/toby fox - UNDERTALE Soundtrack - 61 Oh! One True Love.mp3
2025-11-04T05:24:27 update: added Undertale - Lossless Soundtrack (toby fox)/toby fox - UNDERTALE Soundtrack - 33 Quiet Water.mp3
2025-11-04T05:24:27 update: added Undertale - Lossless Soundtrack (toby fox)/toby fox - UNDERTALE Soundtrack - 32 Run!.mp3
2025-11-04T05:24:27 update: added Undertale - Lossless Soundtrack (toby fox)/toby fox - UNDERTALE Soundtrack - 08 Unnecessary Tension.mp3
2025-11-04T05:24:27 update: added Undertale - Lossless Soundtrack (toby fox)/toby fox - UNDERTALE Soundtrack - 23 Shop.mp3
2025-11-04T05:36:25 exception: Failed to open "/home/riikq/.config/mpd/mpdstate": No such file or directory
Note: Illegal Audio-MPEG-Header 0x00000000 at offset 148749.
Note: Trying to resync...
Note: Hit end of (available) data during resync.
2025-11-04T05:36:48 mpg123: mpg123_getformat() failed: Message: I am done with this track.
Note: Illegal Audio-MPEG-Header 0x00000000 at offset 148749.
Note: Trying to resync...
Note: Hit end of (available) data during resync.
2025-11-04T05:36:48 mpg123: mpg123_getformat() failed: Message: I am done with this track.
2025-11-04T05:36:48 ffmpeg/h263: Format h263 detected only with low score of 24, misdetection possible!
2025-11-04T05:36:48 ffmpeg/h263: Bad picture start code
2025-11-04T05:36:48 ffmpeg/h263: header damaged
2025-11-04T05:36:48 ffmpeg/h263: Could not find codec parameters for stream 0 (Video: h263, none): unspecified size
Consider increasing the value for the 'analyzeduration' (0) and 'probesize' (5000000) options
Note: Illegal Audio-MPEG-Header 0x00000000 at offset 158791.
Note: Trying to resync...
Note: Hit end of (available) data during resync.
2025-11-04T05:36:48 mpg123: mpg123_getformat() failed: Message: I am done with this track.
Note: Illegal Audio-MPEG-Header 0x00000000 at offset 158791.
Note: Trying to resync...
Note: Hit end of (available) data during resync.
2025-11-04T05:36:48 mpg123: mpg123_getformat() failed: Message: I am done with this track.
2025-11-04T05:36:48 ffmpeg/mp3: Format mp3 detected only with low score of 24, misdetection possible!
2025-11-04T05:36:48 ffmpeg/mp3: Failed to find two consecutive MPEG audio frames.
Note: Illegal Audio-MPEG-Header 0x00000000 at offset 159432.
Note: Trying to resync...
Note: Hit end of (available) data during resync.
2025-11-04T05:36:48 mpg123: mpg123_getformat() failed: Message: I am done with this track.
Note: Illegal Audio-MPEG-Header 0x00000000 at offset 159432.
Note: Trying to resync...
Note: Hit end of (available) data during resync.
2025-11-04T05:36:48 mpg123: mpg123_getformat() failed: Message: I am done with this track.
2025-11-04T05:36:48 ffmpeg/mp3: Format mp3 detected only with low score of 24, misdetection possible!
2025-11-04T05:36:48 ffmpeg/mp3: Failed to find two consecutive MPEG audio frames.
Note: Illegal Audio-MPEG-Header 0x00000000 at offset 158792.
Note: Trying to resync...
Note: Hit end of (available) data during resync.
2025-11-04T05:36:48 mpg123: mpg123_getformat() failed: Message: I am done with this track.
Note: Illegal Audio-MPEG-Header 0x00000000 at offset 158792.
Note: Trying to resync...
Note: Hit end of (available) data during resync.
2025-11-04T05:36:48 mpg123: mpg123_getformat() failed: Message: I am done with this track.
2025-11-04T05:36:48 ffmpeg/mp3: Format mp3 detected only with low score of 24, misdetection possible!
2025-11-04T05:36:48 ffmpeg/mp3: Failed to find two consecutive MPEG audio frames.
Note: Illegal Audio-MPEG-Header 0x00000000 at offset 148749.
Note: Trying to resync...
Note: Hit end of (available) data during resync.
2025-11-04T05:37:38 mpg123: mpg123_getformat() failed: Message: I am done with this track.
Note: Illegal Audio-MPEG-Header 0x00000000 at offset 148749.
Note: Trying to resync...
Note: Hit end of (available) data during resync.
2025-11-04T05:37:38 mpg123: mpg123_getformat() failed: Message: I am done with this track.
2025-11-04T05:37:38 ffmpeg/h263: Format h263 detected only with low score of 24, misdetection possible!
2025-11-04T05:37:38 ffmpeg/h263: Bad picture start code
2025-11-04T05:37:38 ffmpeg/h263: header damaged
2025-11-04T05:37:38 ffmpeg/h263: Could not find codec parameters for stream 0 (Video: h263, none): unspecified size
Consider increasing the value for the 'analyzeduration' (0) and 'probesize' (5000000) options
Note: Illegal Audio-MPEG-Header 0x00000000 at offset 158791.
Note: Trying to resync...
Note: Hit end of (available) data during resync.
2025-11-04T05:37:38 mpg123: mpg123_getformat() failed: Message: I am done with this track.
Note: Illegal Audio-MPEG-Header 0x00000000 at offset 158791.
Note: Trying to resync...
Note: Hit end of (available) data during resync.
2025-11-04T05:37:38 mpg123: mpg123_getformat() failed: Message: I am done with this track.
2025-11-04T05:37:38 ffmpeg/mp3: Format mp3 detected only with low score of 24, misdetection possible!
2025-11-04T05:37:38 ffmpeg/mp3: Failed to find two consecutive MPEG audio frames.
Note: Illegal Audio-MPEG-Header 0x00000000 at offset 159432.
Note: Trying to resync...
Note: Hit end of (available) data during resync.
2025-11-04T05:37:38 mpg123: mpg123_getformat() failed: Message: I am done with this track.
Note: Illegal Audio-MPEG-Header 0x00000000 at offset 159432.
Note: Trying to resync...
Note: Hit end of (available) data during resync.
2025-11-04T05:37:38 mpg123: mpg123_getformat() failed: Message: I am done with this track.
2025-11-04T05:37:38 ffmpeg/mp3: Format mp3 detected only with low score of 24, misdetection possible!
2025-11-04T05:37:38 ffmpeg/mp3: Failed to find two consecutive MPEG audio frames.
Note: Illegal Audio-MPEG-Header 0x00000000 at offset 158792.
Note: Trying to resync...
Note: Hit end of (available) data during resync.
2025-11-04T05:37:38 mpg123: mpg123_getformat() failed: Message: I am done with this track.
Note: Illegal Audio-MPEG-Header 0x00000000 at offset 158792.
Note: Trying to resync...
Note: Hit end of (available) data during resync.
2025-11-04T05:37:38 mpg123: mpg123_getformat() failed: Message: I am done with this track.
2025-11-04T05:37:38 ffmpeg/mp3: Format mp3 detected only with low score of 24, misdetection possible!
2025-11-04T05:37:38 ffmpeg/mp3: Failed to find two consecutive MPEG audio frames.
Note: Illegal Audio-MPEG-Header 0x00000000 at offset 148749.
Note: Trying to resync...
Note: Hit end of (available) data during resync.
2025-11-04T05:37:42 mpg123: mpg123_getformat() failed: Message: I am done with this track.
Note: Illegal Audio-MPEG-Header 0x00000000 at offset 148749.
Note: Trying to resync...
Note: Hit end of (available) data during resync.
2025-11-04T05:37:42 mpg123: mpg123_getformat() failed: Message: I am done with this track.
2025-11-04T05:37:42 ffmpeg/h263: Format h263 detected only with low score of 24, misdetection possible!
2025-11-04T05:37:42 ffmpeg/h263: Bad picture start code
2025-11-04T05:37:42 ffmpeg/h263: header damaged
2025-11-04T05:37:42 ffmpeg/h263: Could not find codec parameters for stream 0 (Video: h263, none): unspecified size
Consider increasing the value for the 'analyzeduration' (0) and 'probesize' (5000000) options
Note: Illegal Audio-MPEG-Header 0x00000000 at offset 158791.
Note: Trying to resync...
Note: Hit end of (available) data during resync.
2025-11-04T05:37:42 mpg123: mpg123_getformat() failed: Message: I am done with this track.
Note: Illegal Audio-MPEG-Header 0x00000000 at offset 158791.
Note: Trying to resync...
Note: Hit end of (available) data during resync.
2025-11-04T05:37:42 mpg123: mpg123_getformat() failed: Message: I am done with this track.
2025-11-04T05:37:42 ffmpeg/mp3: Format mp3 detected only with low score of 24, misdetection possible!
2025-11-04T05:37:42 ffmpeg/mp3: Failed to find two consecutive MPEG audio frames.
Note: Illegal Audio-MPEG-Header 0x00000000 at offset 159432.
Note: Trying to resync...
Note: Hit end of (available) data during resync.
2025-11-04T05:37:42 mpg123: mpg123_getformat() failed: Message: I am done with this track.
Note: Illegal Audio-MPEG-Header 0x00000000 at offset 159432.
Note: Trying to resync...
Note: Hit end of (available) data during resync.
2025-11-04T05:37:42 mpg123: mpg123_getformat() failed: Message: I am done with this track.
2025-11-04T05:37:42 ffmpeg/mp3: Format mp3 detected only with low score of 24, misdetection possible!
2025-11-04T05:37:42 ffmpeg/mp3: Failed to find two consecutive MPEG audio frames.
Note: Illegal Audio-MPEG-Header 0x00000000 at offset 158792.
Note: Trying to resync...
Note: Hit end of (available) data during resync.
2025-11-04T05:37:42 mpg123: mpg123_getformat() failed: Message: I am done with this track.
Note: Illegal Audio-MPEG-Header 0x00000000 at offset 158792.
Note: Trying to resync...
Note: Hit end of (available) data during resync.
2025-11-04T05:37:42 mpg123: mpg123_getformat() failed: Message: I am done with this track.
2025-11-04T05:37:42 ffmpeg/mp3: Format mp3 detected only with low score of 24, misdetection possible!
2025-11-04T05:37:42 ffmpeg/mp3: Failed to find two consecutive MPEG audio frames.
Note: Illegal Audio-MPEG-Header 0x00000000 at offset 148749.
Note: Trying to resync...
Note: Hit end of (available) data during resync.
2025-11-04T05:37:42 mpg123: mpg123_getformat() failed: Message: I am done with this track.
Note: Illegal Audio-MPEG-Header 0x00000000 at offset 148749.
Note: Trying to resync...
Note: Hit end of (available) data during resync.
2025-11-04T05:37:42 mpg123: mpg123_getformat() failed: Message: I am done with this track.
2025-11-04T05:37:42 ffmpeg/h263: Format h263 detected only with low score of 24, misdetection possible!
2025-11-04T05:37:42 ffmpeg/h263: Bad picture start code
2025-11-04T05:37:42 ffmpeg/h263: header damaged
2025-11-04T05:37:42 ffmpeg/h263: Could not find codec parameters for stream 0 (Video: h263, none): unspecified size
Consider increasing the value for the 'analyzeduration' (0) and 'probesize' (5000000) options
Note: Illegal Audio-MPEG-Header 0x00000000 at offset 158791.
Note: Trying to resync...
Note: Hit end of (available) data during resync.
2025-11-04T05:37:42 mpg123: mpg123_getformat() failed: Message: I am done with this track.
Note: Illegal Audio-MPEG-Header 0x00000000 at offset 158791.
Note: Trying to resync...
Note: Hit end of (available) data during resync.
2025-11-04T05:37:42 mpg123: mpg123_getformat() failed: Message: I am done with this track.
2025-11-04T05:37:42 ffmpeg/mp3: Format mp3 detected only with low score of 24, misdetection possible!
2025-11-04T05:37:42 ffmpeg/mp3: Failed to find two consecutive MPEG audio frames.
Note: Illegal Audio-MPEG-Header 0x00000000 at offset 159432.
Note: Trying to resync...
Note: Hit end of (available) data during resync.
2025-11-04T05:37:42 mpg123: mpg123_getformat() failed: Message: I am done with this track.
Note: Illegal Audio-MPEG-Header 0x00000000 at offset 159432.
Note: Trying to resync...
Note: Hit end of (available) data during resync.
2025-11-04T05:37:42 mpg123: mpg123_getformat() failed: Message: I am done with this track.
2025-11-04T05:37:42 ffmpeg/mp3: Format mp3 detected only with low score of 24, misdetection possible!
2025-11-04T05:37:42 ffmpeg/mp3: Failed to find two consecutive MPEG audio frames.
Note: Illegal Audio-MPEG-Header 0x00000000 at offset 158792.
Note: Trying to resync...
Note: Hit end of (available) data during resync.
2025-11-04T05:37:42 mpg123: mpg123_getformat() failed: Message: I am done with this track.
Note: Illegal Audio-MPEG-Header 0x00000000 at offset 158792.
Note: Trying to resync...
Note: Hit end of (available) data during resync.
2025-11-04T05:37:42 mpg123: mpg123_getformat() failed: Message: I am done with this track.
2025-11-04T05:37:42 ffmpeg/mp3: Format mp3 detected only with low score of 24, misdetection possible!
2025-11-04T05:37:42 ffmpeg/mp3: Failed to find two consecutive MPEG audio frames.
2025-11-04T05:44:31 player: played "Guns n Roses - Appetite For Destruction/12 Rocket Queen.mp3"
2025-11-04T05:45:47 player: played "plastic beach-gorillaz/17 Pirate's Progress.mp3"
2025-11-04T05:45:49 exception: Not playing
2025-11-04T05:51:54 player: played "Queen Albums/[1973] - Queen/01 - Keep Yourself Alive.mp3"
2025-11-04T05:56:04 player: played "Queen Albums/[1973] - Queen/02 - Doing All Right.mp3"
2025-11-04T06:01:47 player: played "Queen Albums/[1973] - Queen/03 - Great King Rat.mp3"
2025-11-04T06:09:08 player: played "Queen Albums/[1973] - Queen/09 - Jesus.mp3"
2025-11-04T06:10:18 player: played "Queen Albums/[1973] - Queen/10 - Seven Seas Of Rhye... (Instrumental).mp3"
2025-11-04T06:11:31 player: played "Queen Albums/[1974] - Queen II/01 - Procession.mp3"
2025-11-04T06:16:08 player: played "Queen Albums/[1974] - Queen II/03 - White Queen (As It Began).mp3"
2025-11-04T06:20:31 player: played "Queen Albums/[1974] - Queen II/04 - Some Day One Day.mp3"
2025-11-04T06:24:35 player: played "Queen Albums/[1974] - Queen II/05 - The Loser In The End.mp3"
2025-11-04T06:28:44 player: played "Queen Albums/[1974] - Queen II/06 - Ogre Battle.mp3"
2025-11-04T06:29:29 player: played "Queen Albums/[1974] - Queen II/07 - The Fairy Feller's Master-Stroke.mp3"
2025-11-04T14:06:09 player: played "plastic beach-gorillaz/17 Pirate's Progress.mp3"
2025-11-04T14:06:24 player: played "plastic beach-gorillaz/17 Pirate's Progress.mp3"
2025-11-04T14:08:33 player: played "plastic beach-gorillaz/01 Orchestral Intro (feat. Sinfonia Viva).mp3"
2025-11-04T14:43:23 player: played "plastic beach-gorillaz/01 Orchestral Intro (feat. Sinfonia Viva).mp3"
2025-11-04T14:46:58 player: played "plastic beach-gorillaz/02 Welcome to the World of the Plastic Beach (feat. Snoop Dogg & Hypnotic Brass Ensemble).mp3"
2025-11-04T14:50:42 player: played "plastic beach-gorillaz/03 White Flag (feat. Bashy, Kano & the National Orchestra for Arabic Music).mp3"
2025-11-04T14:54:02 player: played "plastic beach-gorillaz/04 Rhinestone Eyes.mp3"
2025-11-04T15:46:01 player: played "plastic beach-gorillaz/06 Superfast Jellyfish (feat. Gruff Rhys & De La Soul).mp3"
2025-11-04T15:50:44 player: played "plastic beach-gorillaz/07 Empire Ants (feat. Little Dragon).mp3"
2025-11-04T15:53:10 player: played "plastic beach-gorillaz/08 Glitter Freeze (feat. Mark E Smith).mp3"
2025-11-04T15:53:36 update: added /leave the lights.mp3
Note: Illegal Audio-MPEG-Header 0x00000000 at offset 148749.
Note: Trying to resync...
Note: Hit end of (available) data during resync.
2025-11-04T15:53:36 mpg123: mpg123_getformat() failed: Message: I am done with this track.
Note: Illegal Audio-MPEG-Header 0x00000000 at offset 148749.
Note: Trying to resync...
Note: Hit end of (available) data during resync.
2025-11-04T15:53:36 mpg123: mpg123_getformat() failed: Message: I am done with this track.
2025-11-04T15:53:36 ffmpeg/h263: Format h263 detected only with low score of 24, misdetection possible!
2025-11-04T15:53:36 ffmpeg/h263: Bad picture start code
2025-11-04T15:53:36 ffmpeg/h263: header damaged
2025-11-04T15:53:36 ffmpeg/h263: Could not find codec parameters for stream 0 (Video: h263, none): unspecified size
Consider increasing the value for the 'analyzeduration' (0) and 'probesize' (5000000) options
Note: Illegal Audio-MPEG-Header 0x00000000 at offset 158791.
Note: Trying to resync...
Note: Hit end of (available) data during resync.
2025-11-04T15:53:36 mpg123: mpg123_getformat() failed: Message: I am done with this track.
Note: Illegal Audio-MPEG-Header 0x00000000 at offset 158791.
Note: Trying to resync...
Note: Hit end of (available) data during resync.
2025-11-04T15:53:36 mpg123: mpg123_getformat() failed: Message: I am done with this track.
2025-11-04T15:53:36 ffmpeg/mp3: Format mp3 detected only with low score of 24, misdetection possible!
2025-11-04T15:53:36 ffmpeg/mp3: Failed to find two consecutive MPEG audio frames.
Note: Illegal Audio-MPEG-Header 0x00000000 at offset 159432.
Note: Trying to resync...
Note: Hit end of (available) data during resync.
2025-11-04T15:53:36 mpg123: mpg123_getformat() failed: Message: I am done with this track.
Note: Illegal Audio-MPEG-Header 0x00000000 at offset 159432.
Note: Trying to resync...
Note: Hit end of (available) data during resync.
2025-11-04T15:53:36 mpg123: mpg123_getformat() failed: Message: I am done with this track.
2025-11-04T15:53:36 ffmpeg/mp3: Format mp3 detected only with low score of 24, misdetection possible!
2025-11-04T15:53:36 ffmpeg/mp3: Failed to find two consecutive MPEG audio frames.
Note: Illegal Audio-MPEG-Header 0x00000000 at offset 158792.
Note: Trying to resync...
Note: Hit end of (available) data during resync.
2025-11-04T15:53:36 mpg123: mpg123_getformat() failed: Message: I am done with this track.
Note: Illegal Audio-MPEG-Header 0x00000000 at offset 158792.
Note: Trying to resync...
Note: Hit end of (available) data during resync.
2025-11-04T15:53:36 mpg123: mpg123_getformat() failed: Message: I am done with this track.
2025-11-04T15:53:36 ffmpeg/mp3: Format mp3 detected only with low score of 24, misdetection possible!
2025-11-04T15:53:36 ffmpeg/mp3: Failed to find two consecutive MPEG audio frames.
Note: Illegal Audio-MPEG-Header 0x00000000 at offset 148749.
Note: Trying to resync...
Note: Hit end of (available) data during resync.
2025-11-04T15:53:52 mpg123: mpg123_getformat() failed: Message: I am done with this track.
Note: Illegal Audio-MPEG-Header 0x00000000 at offset 148749.
Note: Trying to resync...
Note: Hit end of (available) data during resync.
2025-11-04T15:53:52 mpg123: mpg123_getformat() failed: Message: I am done with this track.
2025-11-04T15:53:52 ffmpeg/h263: Format h263 detected only with low score of 24, misdetection possible!
2025-11-04T15:53:52 ffmpeg/h263: Bad picture start code
2025-11-04T15:53:52 ffmpeg/h263: header damaged
2025-11-04T15:53:52 ffmpeg/h263: Could not find codec parameters for stream 0 (Video: h263, none): unspecified size
Consider increasing the value for the 'analyzeduration' (0) and 'probesize' (5000000) options
Note: Illegal Audio-MPEG-Header 0x00000000 at offset 158791.
Note: Trying to resync...
Note: Hit end of (available) data during resync.
2025-11-04T15:53:52 mpg123: mpg123_getformat() failed: Message: I am done with this track.
Note: Illegal Audio-MPEG-Header 0x00000000 at offset 158791.
Note: Trying to resync...
Note: Hit end of (available) data during resync.
2025-11-04T15:53:52 mpg123: mpg123_getformat() failed: Message: I am done with this track.
2025-11-04T15:53:52 ffmpeg/mp3: Format mp3 detected only with low score of 24, misdetection possible!
2025-11-04T15:53:52 ffmpeg/mp3: Failed to find two consecutive MPEG audio frames.
Note: Illegal Audio-MPEG-Header 0x00000000 at offset 159432.
Note: Trying to resync...
Note: Hit end of (available) data during resync.
2025-11-04T15:53:52 mpg123: mpg123_getformat() failed: Message: I am done with this track.
Note: Illegal Audio-MPEG-Header 0x00000000 at offset 159432.
Note: Trying to resync...
Note: Hit end of (available) data during resync.
2025-11-04T15:53:52 mpg123: mpg123_getformat() failed: Message: I am done with this track.
2025-11-04T15:53:52 ffmpeg/mp3: Format mp3 detected only with low score of 24, misdetection possible!
2025-11-04T15:53:52 ffmpeg/mp3: Failed to find two consecutive MPEG audio frames.
Note: Illegal Audio-MPEG-Header 0x00000000 at offset 158792.
Note: Trying to resync...
Note: Hit end of (available) data during resync.
2025-11-04T15:53:52 mpg123: mpg123_getformat() failed: Message: I am done with this track.
Note: Illegal Audio-MPEG-Header 0x00000000 at offset 158792.
Note: Trying to resync...
Note: Hit end of (available) data during resync.
2025-11-04T15:53:52 mpg123: mpg123_getformat() failed: Message: I am done with this track.
2025-11-04T15:53:52 ffmpeg/mp3: Format mp3 detected only with low score of 24, misdetection possible!
2025-11-04T15:53:52 ffmpeg/mp3: Failed to find two consecutive MPEG audio frames.
2025-11-04T15:54:41 player: played "leave the lights.mp3"
2025-11-04T18:25:21 player: played "leave the lights.mp3"
Note: Illegal Audio-MPEG-Header 0x00000000 at offset 148749.
Note: Trying to resync...
Note: Hit end of (available) data during resync.
2025-11-04T18:47:02 mpg123: mpg123_getformat() failed: Message: I am done with this track.
Note: Illegal Audio-MPEG-Header 0x00000000 at offset 148749.
Note: Trying to resync...
Note: Hit end of (available) data during resync.
2025-11-04T18:47:02 mpg123: mpg123_getformat() failed: Message: I am done with this track.
2025-11-04T18:47:03 ffmpeg/h263: Format h263 detected only with low score of 24, misdetection possible!
2025-11-04T18:47:03 ffmpeg/h263: Bad picture start code
2025-11-04T18:47:03 ffmpeg/h263: header damaged
2025-11-04T18:47:03 ffmpeg/h263: Could not find codec parameters for stream 0 (Video: h263, none): unspecified size
Consider increasing the value for the 'analyzeduration' (0) and 'probesize' (5000000) options
Note: Illegal Audio-MPEG-Header 0x00000000 at offset 158791.
Note: Trying to resync...
Note: Hit end of (available) data during resync.
2025-11-04T18:47:03 mpg123: mpg123_getformat() failed: Message: I am done with this track.
Note: Illegal Audio-MPEG-Header 0x00000000 at offset 158791.
Note: Trying to resync...
Note: Hit end of (available) data during resync.
2025-11-04T18:47:03 mpg123: mpg123_getformat() failed: Message: I am done with this track.
2025-11-04T18:47:03 ffmpeg/mp3: Format mp3 detected only with low score of 24, misdetection possible!
2025-11-04T18:47:03 ffmpeg/mp3: Failed to find two consecutive MPEG audio frames.
Note: Illegal Audio-MPEG-Header 0x00000000 at offset 159432.
Note: Trying to resync...
Note: Hit end of (available) data during resync.
2025-11-04T18:47:03 mpg123: mpg123_getformat() failed: Message: I am done with this track.
Note: Illegal Audio-MPEG-Header 0x00000000 at offset 159432.
Note: Trying to resync...
Note: Hit end of (available) data during resync.
2025-11-04T18:47:03 mpg123: mpg123_getformat() failed: Message: I am done with this track.
2025-11-04T18:47:03 ffmpeg/mp3: Format mp3 detected only with low score of 24, misdetection possible!
2025-11-04T18:47:03 ffmpeg/mp3: Failed to find two consecutive MPEG audio frames.
Note: Illegal Audio-MPEG-Header 0x00000000 at offset 158792.
Note: Trying to resync...
Note: Hit end of (available) data during resync.
2025-11-04T18:47:03 mpg123: mpg123_getformat() failed: Message: I am done with this track.
Note: Illegal Audio-MPEG-Header 0x00000000 at offset 158792.
Note: Trying to resync...
Note: Hit end of (available) data during resync.
2025-11-04T18:47:03 mpg123: mpg123_getformat() failed: Message: I am done with this track.
2025-11-04T18:47:03 ffmpeg/mp3: Format mp3 detected only with low score of 24, misdetection possible!
2025-11-04T18:47:03 ffmpeg/mp3: Failed to find two consecutive MPEG audio frames.
Note: Illegal Audio-MPEG-Header 0x00000000 at offset 148749.
Note: Trying to resync...
Note: Hit end of (available) data during resync.
2025-11-04T18:47:07 mpg123: mpg123_getformat() failed: Message: I am done with this track.
Note: Illegal Audio-MPEG-Header 0x00000000 at offset 148749.
Note: Trying to resync...
Note: Hit end of (available) data during resync.
2025-11-04T18:47:07 mpg123: mpg123_getformat() failed: Message: I am done with this track.
2025-11-04T18:47:07 ffmpeg/h263: Format h263 detected only with low score of 24, misdetection possible!
2025-11-04T18:47:07 ffmpeg/h263: Bad picture start code
2025-11-04T18:47:07 ffmpeg/h263: header damaged
2025-11-04T18:47:07 ffmpeg/h263: Could not find codec parameters for stream 0 (Video: h263, none): unspecified size
Consider increasing the value for the 'analyzeduration' (0) and 'probesize' (5000000) options
Note: Illegal Audio-MPEG-Header 0x00000000 at offset 158791.
Note: Trying to resync...
Note: Hit end of (available) data during resync.
2025-11-04T18:47:07 mpg123: mpg123_getformat() failed: Message: I am done with this track.
Note: Illegal Audio-MPEG-Header 0x00000000 at offset 158791.
Note: Trying to resync...
Note: Hit end of (available) data during resync.
2025-11-04T18:47:07 mpg123: mpg123_getformat() failed: Message: I am done with this track.
2025-11-04T18:47:07 ffmpeg/mp3: Format mp3 detected only with low score of 24, misdetection possible!
2025-11-04T18:47:07 ffmpeg/mp3: Failed to find two consecutive MPEG audio frames.
Note: Illegal Audio-MPEG-Header 0x00000000 at offset 159432.
Note: Trying to resync...
Note: Hit end of (available) data during resync.
2025-11-04T18:47:07 mpg123: mpg123_getformat() failed: Message: I am done with this track.
Note: Illegal Audio-MPEG-Header 0x00000000 at offset 159432.
Note: Trying to resync...
Note: Hit end of (available) data during resync.
2025-11-04T18:47:07 mpg123: mpg123_getformat() failed: Message: I am done with this track.
2025-11-04T18:47:07 ffmpeg/mp3: Format mp3 detected only with low score of 24, misdetection possible!
2025-11-04T18:47:07 ffmpeg/mp3: Failed to find two consecutive MPEG audio frames.
Note: Illegal Audio-MPEG-Header 0x00000000 at offset 158792.
Note: Trying to resync...
Note: Hit end of (available) data during resync.
2025-11-04T18:47:07 mpg123: mpg123_getformat() failed: Message: I am done with this track.
Note: Illegal Audio-MPEG-Header 0x00000000 at offset 158792.
Note: Trying to resync...
Note: Hit end of (available) data during resync.
2025-11-04T18:47:07 mpg123: mpg123_getformat() failed: Message: I am done with this track.
2025-11-04T18:47:07 ffmpeg/mp3: Format mp3 detected only with low score of 24, misdetection possible!
2025-11-04T18:47:07 ffmpeg/mp3: Failed to find two consecutive MPEG audio frames.
Note: Illegal Audio-MPEG-Header 0x00000000 at offset 148749.
Note: Trying to resync...
Note: Hit end of (available) data during resync.
2025-11-04T18:47:08 mpg123: mpg123_getformat() failed: Message: I am done with this track.
Note: Illegal Audio-MPEG-Header 0x00000000 at offset 148749.
Note: Trying to resync...
Note: Hit end of (available) data during resync.
2025-11-04T18:47:08 mpg123: mpg123_getformat() failed: Message: I am done with this track.
2025-11-04T18:47:08 ffmpeg/h263: Format h263 detected only with low score of 24, misdetection possible!
2025-11-04T18:47:08 ffmpeg/h263: Bad picture start code
2025-11-04T18:47:08 ffmpeg/h263: header damaged
2025-11-04T18:47:08 ffmpeg/h263: Could not find codec parameters for stream 0 (Video: h263, none): unspecified size
Consider increasing the value for the 'analyzeduration' (0) and 'probesize' (5000000) options
Note: Illegal Audio-MPEG-Header 0x00000000 at offset 158791.
Note: Trying to resync...
Note: Hit end of (available) data during resync.
2025-11-04T18:47:08 mpg123: mpg123_getformat() failed: Message: I am done with this track.
Note: Illegal Audio-MPEG-Header 0x00000000 at offset 158791.
Note: Trying to resync...
Note: Hit end of (available) data during resync.
2025-11-04T18:47:08 mpg123: mpg123_getformat() failed: Message: I am done with this track.
2025-11-04T18:47:08 ffmpeg/mp3: Format mp3 detected only with low score of 24, misdetection possible!
2025-11-04T18:47:08 ffmpeg/mp3: Failed to find two consecutive MPEG audio frames.
Note: Illegal Audio-MPEG-Header 0x00000000 at offset 159432.
Note: Trying to resync...
Note: Hit end of (available) data during resync.
2025-11-04T18:47:08 mpg123: mpg123_getformat() failed: Message: I am done with this track.
Note: Illegal Audio-MPEG-Header 0x00000000 at offset 159432.
Note: Trying to resync...
Note: Hit end of (available) data during resync.
2025-11-04T18:47:08 mpg123: mpg123_getformat() failed: Message: I am done with this track.
2025-11-04T18:47:08 ffmpeg/mp3: Format mp3 detected only with low score of 24, misdetection possible!
2025-11-04T18:47:08 ffmpeg/mp3: Failed to find two consecutive MPEG audio frames.
Note: Illegal Audio-MPEG-Header 0x00000000 at offset 158792.
Note: Trying to resync...
Note: Hit end of (available) data during resync.
2025-11-04T18:47:08 mpg123: mpg123_getformat() failed: Message: I am done with this track.
Note: Illegal Audio-MPEG-Header 0x00000000 at offset 158792.
Note: Trying to resync...
Note: Hit end of (available) data during resync.
2025-11-04T18:47:08 mpg123: mpg123_getformat() failed: Message: I am done with this track.
2025-11-04T18:47:08 ffmpeg/mp3: Format mp3 detected only with low score of 24, misdetection possible!
2025-11-04T18:47:08 ffmpeg/mp3: Failed to find two consecutive MPEG audio frames.
2025-11-04T18:47:09 update: updating plastic beach-gorillaz/06 Superfast Jellyfish (feat. Gruff Rhys & De La Soul).mp3
2025-11-04T18:47:09 update: updating plastic beach-gorillaz/01 Orchestral Intro (feat. Sinfonia Viva).mp3
2025-11-04T18:47:09 update: updating plastic beach-gorillaz/05 Stylo (feat. Mos Def & Bobby Womack).mp3
2025-11-04T18:47:09 update: updating plastic beach-gorillaz/08 Glitter Freeze (feat. Mark E Smith).mp3
2025-11-04T18:47:09 update: updating plastic beach-gorillaz/12 Sweepstakes (feat. Mos Def & Hypnotic Brass Ensemble).mp3
2025-11-04T18:47:09 update: updating plastic beach-gorillaz/07 Empire Ants (feat. Little Dragon).mp3
2025-11-04T18:47:09 update: updating plastic beach-gorillaz/09 Some Kind of Nature (feat. Lou Reed).mp3
2025-11-04T18:47:09 update: updating plastic beach-gorillaz/17 Pirate's Progress.mp3
2025-11-04T18:47:09 update: updating plastic beach-gorillaz/14 To Binge (feat. Little Dragon).mp3
2025-11-04T18:47:09 update: updating plastic beach-gorillaz/02 Welcome to the World of the Plastic Beach (feat. Snoop Dogg & Hypnotic Brass Ensemble).mp3
2025-11-04T18:47:09 update: updating plastic beach-gorillaz/16 Pirate Jet.mp3
2025-11-04T18:47:09 update: updating plastic beach-gorillaz/13 Plastic Beach (feat. Mick Jones & Paul Simonon).mp3
2025-11-04T18:47:09 update: updating plastic beach-gorillaz/11 Broken.mp3
2025-11-04T18:47:09 update: updating plastic beach-gorillaz/10 On Melancholy Hill.mp3
2025-11-04T18:47:09 update: updating plastic beach-gorillaz/04 Rhinestone Eyes.mp3
2025-11-04T18:47:09 update: updating plastic beach-gorillaz/15 Cloud of Unknowing (feat. Bobby Womack & Sinfonia Viva).mp3
2025-11-04T18:47:09 update: updating plastic beach-gorillaz/03 White Flag (feat. Bashy, Kano & the National Orchestra for Arabic Music).mp3
2025-11-04T18:47:09 update: updating /leave the lights.mp3
2025-11-04T18:47:09 update: updating Guns n Roses - Appetite For Destruction/09 Sweet Child O' Mine.mp3
2025-11-04T18:47:09 update: updating Guns n Roses - Appetite For Destruction/01 Welcome To The Jungle.mp3
2025-11-04T18:47:09 update: updating Guns n Roses - Appetite For Destruction/07 My Michelle.mp3
2025-11-04T18:47:09 update: updating Guns n Roses - Appetite For Destruction/10 You're Crazy.mp3
2025-11-04T18:47:09 update: updating Guns n Roses - Appetite For Destruction/11 Anything Goes.mp3
2025-11-04T18:47:09 update: updating Guns n Roses - Appetite For Destruction/03 Nightrain.mp3
2025-11-04T18:47:09 update: updating Guns n Roses - Appetite For Destruction/08 Think About You.mp3
2025-11-04T18:47:09 update: updating Guns n Roses - Appetite For Destruction/04 Out Ta Get Me.mp3
2025-11-04T18:47:09 update: updating Guns n Roses - Appetite For Destruction/05 Mr. Brownstone.mp3
2025-11-04T18:47:09 update: updating Guns n Roses - Appetite For Destruction/02 It's So Easy.mp3
2025-11-04T18:47:09 update: updating Guns n Roses - Appetite For Destruction/06 Paradise City.mp3
2025-11-04T18:47:09 update: updating Guns n Roses - Appetite For Destruction/12 Rocket Queen.mp3
2025-11-04T18:47:09 update: updating JKT48/Fortune Cookie - JKT48.mp3
2025-11-04T18:47:09 update: updating JKT48/Only Today - JKT48.mp3
2025-11-04T18:47:09 update: updating JKT48/Seventeen - JKT48.mp3
2025-11-04T18:47:09 update: updating JKT48/Aitakatta - JKT48.mp3
2025-11-04T18:47:09 update: updating JKT48/Heavy Rotation - JKT48.mp3
2025-11-04T18:47:09 update: updating lp_music-of-johann-strauss-no-2_johann-strauss-jr-clemens-krauss-wiener-ph/disc1/01.02. Der Zigeunerbaron―Overture.mp3
2025-11-04T18:47:09 update: updating lp_music-of-johann-strauss-no-2_johann-strauss-jr-clemens-krauss-wiener-ph/disc1/02.01. Künstlerleben.mp3
2025-11-04T18:47:09 update: updating lp_music-of-johann-strauss-no-2_johann-strauss-jr-clemens-krauss-wiener-ph/disc1/01.01. Die Fledermaus―Overture.mp3
2025-11-04T18:47:09 update: updating lp_music-of-johann-strauss-no-2_johann-strauss-jr-clemens-krauss-wiener-ph/disc1/02.02. Frühlingsstimmen.mp3
2025-11-04T18:47:09 update: updating Queen Albums/[1991] - Innuendo/06 - Ride The Wild Wind.mp3
2025-11-04T18:47:09 update: updating Queen Albums/[1991] - Innuendo/07 - All God's People.mp3
2025-11-04T18:47:09 update: updating Queen Albums/[1991] - Innuendo/08 - These Are The Days Of Our Lives.mp3
2025-11-04T18:47:09 update: updating Queen Albums/[1991] - Innuendo/04 - I Can't Live With You.mp3
2025-11-04T18:47:09 update: updating Queen Albums/[1991] - Innuendo/03 - Headlong.mp3
2025-11-04T18:47:09 update: updating Queen Albums/[1991] - Innuendo/09 - Delilah.mp3
2025-11-04T18:47:09 update: updating Queen Albums/[1991] - Innuendo/05 - Don't Try So Hard.mp3
2025-11-04T18:47:09 update: updating Queen Albums/[1991] - Innuendo/02 - I'm Going Slighty Mad.mp3
2025-11-04T18:47:09 update: updating Queen Albums/[1991] - Innuendo/12 - The Show Must Go On.mp3
2025-11-04T18:47:09 update: updating Queen Albums/[1991] - Innuendo/10 - The Hitman.mp3
2025-11-04T18:47:09 update: updating Queen Albums/[1991] - Innuendo/01 - Innuendo.mp3
2025-11-04T18:47:09 update: updating Queen Albums/[1991] - Innuendo/11 - Bijou.mp3
2025-11-04T18:47:09 update: updating Queen Albums/[1973] - Queen/08 - Son And Daughter.mp3
2025-11-04T18:47:09 update: updating Queen Albums/[1973] - Queen/06 - The Night Comes Down.mp3
2025-11-04T18:47:09 update: updating Queen Albums/[1973] - Queen/03 - Great King Rat.mp3
2025-11-04T18:47:09 update: updating Queen Albums/[1973] - Queen/04 - My Fairy King.mp3
2025-11-04T18:47:09 update: updating Queen Albums/[1973] - Queen/02 - Doing All Right.mp3
2025-11-04T18:47:09 update: updating Queen Albums/[1973] - Queen/10 - Seven Seas Of Rhye... (Instrumental).mp3
2025-11-04T18:47:09 update: updating Queen Albums/[1973] - Queen/01 - Keep Yourself Alive.mp3
2025-11-04T18:47:09 update: updating Queen Albums/[1973] - Queen/07 - Modern Times Rock 'n' Roll.mp3
2025-11-04T18:47:09 update: updating Queen Albums/[1973] - Queen/09 - Jesus.mp3
2025-11-04T18:47:09 update: updating Queen Albums/[1973] - Queen/05 - Liar.mp3
2025-11-04T18:47:09 update: updating Queen Albums/[1984] - The Works/07 - Keep Passing The Open Windows.mp3
2025-11-04T18:47:09 update: updating Queen Albums/[1984] - The Works/09 - Is This The World We Created....mp3
2025-11-04T18:47:09 update: updating Queen Albums/[1984] - The Works/05 - Machines (Or 'Back To Humans').mp3
2025-11-04T18:47:09 update: updating Queen Albums/[1984] - The Works/04 - Man On The Prowl.mp3
2025-11-04T18:47:09 update: updating Queen Albums/[1984] - The Works/01 - Radio Ga Ga.mp3
2025-11-04T18:47:09 update: updating Queen Albums/[1984] - The Works/02 - Tear It Up.mp3
2025-11-04T18:47:09 update: updating Queen Albums/[1984] - The Works/08 - Hammer To Fall.mp3
2025-11-04T18:47:09 update: updating Queen Albums/[1984] - The Works/03 - It's A Hard Life.mp3
2025-11-04T18:47:09 update: updating Queen Albums/[1984] - The Works/06 - I Want To Break Free.mp3
2025-11-04T18:47:09 update: updating Queen Albums/[1976] - A Day At The Races/08 - Good Old-Fashioned Lover Boy.mp3
2025-11-04T18:47:09 update: updating Queen Albums/[1976] - A Day At The Races/05 - You And I.mp3
2025-11-04T18:47:09 update: updating Queen Albums/[1976] - A Day At The Races/01 - Tie Your Mother Down.mp3
2025-11-04T18:47:09 update: updating Queen Albums/[1976] - A Day At The Races/07 - White Man.mp3
2025-11-04T18:47:09 update: updating Queen Albums/[1976] - A Day At The Races/04 - The Millionaire Waltz.mp3
2025-11-04T18:47:09 update: updating Queen Albums/[1976] - A Day At The Races/06 - Somebody To Love.mp3
2025-11-04T18:47:09 update: updating Queen Albums/[1976] - A Day At The Races/03 - Long Away.mp3
2025-11-04T18:47:09 update: updating Queen Albums/[1976] - A Day At The Races/10 - Teo Torriatte (Let Us Cling Together).mp3
2025-11-04T18:47:09 update: updating Queen Albums/[1976] - A Day At The Races/02 - You Take My Breath Away.mp3
2025-11-04T18:47:09 update: updating Queen Albums/[1976] - A Day At The Races/09 - Drowse.mp3
2025-11-04T18:47:09 update: updating Queen Albums/[1986] - A Kind Of Magic/02 - A Kind Of Magic.mp3
2025-11-04T18:47:09 update: updating Queen Albums/[1986] - A Kind Of Magic/09 - Princes Of The Universe.mp3
2025-11-04T18:47:09 update: updating Queen Albums/[1986] - A Kind Of Magic/08 - Don't Lose Your Head.mp3
2025-11-04T18:47:09 update: updating Queen Albums/[1986] - A Kind Of Magic/01 - One Vision.mp3
2025-11-04T18:47:09 update: updating Queen Albums/[1986] - A Kind Of Magic/11 - Friends Will Be Friends Will Be Friends....mp3
2025-11-04T18:47:09 update: updating Queen Albums/[1986] - A Kind Of Magic/03 - One Year Of Love.mp3
2025-11-04T18:47:09 update: updating Queen Albums/[1986] - A Kind Of Magic/12 - Forever.mp3
2025-11-04T18:47:09 update: updating Queen Albums/[1986] - A Kind Of Magic/06 - Who Wants To Live Forever.mp3
2025-11-04T18:47:09 update: updating Queen Albums/[1986] - A Kind Of Magic/10 - A Kind Of 'A Kind Of Magic'.mp3
2025-11-04T18:47:09 update: updating Queen Albums/[1986] - A Kind Of Magic/05 - Friends Will Be Friends.mp3
2025-11-04T18:47:09 update: updating Queen Albums/[1986] - A Kind Of Magic/04 - Pain Is So Close To Pleasure.mp3
2025-11-04T18:47:09 update: updating Queen Albums/[1986] - A Kind Of Magic/07 - Gimme The Prize (Kurgan's Theme).mp3
2025-11-04T18:47:09 update: updating Queen Albums/[1974] - Sheer Heart Attack/06 - Now I'm Here.mp3
2025-11-04T18:47:09 update: updating Queen Albums/[1974] - Sheer Heart Attack/09 - Dear Friends.mp3
2025-11-04T18:47:09 update: updating Queen Albums/[1974] - Sheer Heart Attack/12 - She Makes Me (Stormtrooper In Stilettoes).mp3
2025-11-04T18:47:09 update: updating Queen Albums/[1974] - Sheer Heart Attack/01 - Brighton Rock.mp3
2025-11-04T18:47:09 update: updating Queen Albums/[1974] - Sheer Heart Attack/03 - Tenement Funster.mp3
2025-11-04T18:47:09 update: updating Queen Albums/[1974] - Sheer Heart Attack/11 - Bring Back That Leroy Brown.mp3
2025-11-04T18:47:09 update: updating Queen Albums/[1974] - Sheer Heart Attack/07 - In the Lap Of The Gods.mp3
2025-11-04T18:47:09 update: updating Queen Albums/[1974] - Sheer Heart Attack/08 - Stone Cold Crazy.mp3
2025-11-04T18:47:09 update: updating Queen Albums/[1974] - Sheer Heart Attack/02 - Killer Queen.mp3
2025-11-04T18:47:09 update: updating Queen Albums/[1974] - Sheer Heart Attack/10 - Misfire.mp3
2025-11-04T18:47:09 update: updating Queen Albums/[1974] - Sheer Heart Attack/05 - Lily Of The Valley.mp3
2025-11-04T18:47:09 update: updating Queen Albums/[1974] - Sheer Heart Attack/13 - In The Lap Of The Gods...Revisited.mp3
2025-11-04T18:47:09 update: updating Queen Albums/[1974] - Sheer Heart Attack/04 - Flick Of The Wrist.mp3
2025-11-04T18:47:09 update: updating Queen Albums/[1975] - A Night At The Opera/06 - Sweet Lady.mp3
2025-11-04T18:47:09 update: updating Queen Albums/[1975] - A Night At The Opera/12 - God Save The Queen (Instrumental).mp3
2025-11-04T18:47:09 update: updating Queen Albums/[1975] - A Night At The Opera/01 - Death On Two Legs (Dedicated To...).mp3
2025-11-04T18:47:09 update: updating Queen Albums/[1975] - A Night At The Opera/08 - The Prophet's Song.mp3
2025-11-04T18:47:09 update: updating Queen Albums/[1975] - A Night At The Opera/11 - Bohemian Rhapsody.mp3
2025-11-04T18:47:09 update: updating Queen Albums/[1975] - A Night At The Opera/02 - Lazing On A Sunday Afternoon.mp3
2025-11-04T18:47:09 update: updating Queen Albums/[1975] - A Night At The Opera/10 - Good Company.mp3
2025-11-04T18:47:09 update: updating Queen Albums/[1975] - A Night At The Opera/03 - I'm In Love With My Car.mp3
2025-11-04T18:47:09 update: updating Queen Albums/[1975] - A Night At The Opera/04 - You're My Best Friend.mp3
2025-11-04T18:47:09 update: updating Queen Albums/[1975] - A Night At The Opera/09 - Love Of My Life.mp3
2025-11-04T18:47:09 update: updating Queen Albums/[1975] - A Night At The Opera/07 - Seaside Rendezvous.mp3
2025-11-04T18:47:09 update: updating Queen Albums/[1975] - A Night At The Opera/05 - '39.mp3
2025-11-04T18:47:09 update: updating Queen Albums/[1980] - The Game/04 - Need Your Loving Tonight.mp3
2025-11-04T18:47:09 update: updating Queen Albums/[1980] - The Game/06 - Rock It (Prime Jive).mp3
2025-11-04T18:47:09 update: updating Queen Albums/[1980] - The Game/02 - Dragon Attack.mp3
2025-11-04T18:47:09 update: updating Queen Albums/[1980] - The Game/01 - Play The Game.mp3
2025-11-04T18:47:09 update: updating Queen Albums/[1980] - The Game/10 - Save Me.mp3
2025-11-04T18:47:09 update: updating Queen Albums/[1980] - The Game/05 - Crazy Little Thing Called Love.mp3
2025-11-04T18:47:09 update: updating Queen Albums/[1980] - The Game/03 - Another One Bites The Dust.mp3
2025-11-04T18:47:09 update: updating Queen Albums/[1980] - The Game/08 - Sail Away Sweet Sister.mp3
2025-11-04T18:47:09 update: updating Queen Albums/[1980] - The Game/09 - Coming Soon.mp3
2025-11-04T18:47:09 update: updating Queen Albums/[1980] - The Game/07 - Don't Try Suicide.mp3
2025-11-04T18:47:09 update: updating Queen Albums/[1982] - Hot Space/04 - Body Language.mp3
2025-11-04T18:47:09 update: updating Queen Albums/[1982] - Hot Space/07 - Life Is Real (Song For Lennon).mp3
2025-11-04T18:47:09 update: updating Queen Albums/[1982] - Hot Space/08 - Calling All Girls.mp3
2025-11-04T18:47:09 update: updating Queen Albums/[1982] - Hot Space/01 - Staying Power.mp3
2025-11-04T18:47:09 update: updating Queen Albums/[1982] - Hot Space/02 - Dancer.mp3
2025-11-04T18:47:09 update: updating Queen Albums/[1982] - Hot Space/09 - Las Palabras De Amor (The Words Of Love).mp3
2025-11-04T18:47:09 update: updating Queen Albums/[1982] - Hot Space/11 - Under Pressure.mp3
2025-11-04T18:47:09 update: updating Queen Albums/[1982] - Hot Space/06 - Put Out The Fire.mp3
2025-11-04T18:47:09 update: updating Queen Albums/[1982] - Hot Space/03 - Back Chat.mp3
2025-11-04T18:47:09 update: updating Queen Albums/[1982] - Hot Space/10 - Cool Cat.mp3
2025-11-04T18:47:09 update: updating Queen Albums/[1982] - Hot Space/05 - Action This Day.mp3
2025-11-04T18:47:09 update: updating Queen Albums/Queen-Flash.mp3
2025-11-04T18:47:09 update: updating Queen Albums/[1978] - Jazz/08 - In Only Seven Days.mp3
2025-11-04T18:47:09 update: updating Queen Albums/[1978] - Jazz/12 - Don't Stop Me Now.mp3
2025-11-04T18:47:09 update: updating Queen Albums/[1978] - Jazz/04 - Bicycle Race.mp3
2025-11-04T18:47:09 update: updating Queen Albums/[1978] - Jazz/09 - Dreamer's Ball.mp3
2025-11-04T18:47:09 update: updating Queen Albums/[1978] - Jazz/05 - If You Can't Beat Them.mp3
2025-11-04T18:47:09 update: updating Queen Albums/[1978] - Jazz/11 - Leaving Home Ain't Easy.mp3
2025-11-04T18:47:09 update: updating Queen Albums/[1978] - Jazz/01 - Mustapha.mp3
2025-11-04T18:47:09 update: updating Queen Albums/[1978] - Jazz/03 - Jealousy.mp3
2025-11-04T18:47:09 update: updating Queen Albums/[1978] - Jazz/13 - More Of That Jazz.mp3
2025-11-04T18:47:09 update: updating Queen Albums/[1978] - Jazz/10 - Fun It.mp3
2025-11-04T18:47:09 update: updating Queen Albums/[1978] - Jazz/02 - Fat Bottomed Girls.mp3
2025-11-04T18:47:09 update: updating Queen Albums/[1978] - Jazz/07 - Dead On Time.mp3
2025-11-04T18:47:09 update: updating Queen Albums/[1978] - Jazz/06 - Let Me Entertain You.mp3
2025-11-04T18:47:09 update: updating Queen Albums/[1974] - Queen II/07 - The Fairy Feller's Master-Stroke.mp3
2025-11-04T18:47:09 update: updating Queen Albums/[1974] - Queen II/01 - Procession.mp3
2025-11-04T18:47:09 update: updating Queen Albums/[1974] - Queen II/11 - Seven Seas Of Rhye.mp3
2025-11-04T18:47:09 update: updating Queen Albums/[1974] - Queen II/09 - The March Of the Black Queen.mp3
2025-11-04T18:47:09 update: updating Queen Albums/[1974] - Queen II/10 - Funny How Love Is.mp3
2025-11-04T18:47:09 update: updating Queen Albums/[1974] - Queen II/06 - Ogre Battle.mp3
2025-11-04T18:47:09 update: updating Queen Albums/[1974] - Queen II/08 - Nevermore.mp3
2025-11-04T18:47:09 update: updating Queen Albums/[1974] - Queen II/02 - Father To Son.mp3
2025-11-04T18:47:09 update: updating Queen Albums/[1974] - Queen II/05 - The Loser In The End.mp3
2025-11-04T18:47:09 update: updating Queen Albums/[1974] - Queen II/03 - White Queen (As It Began).mp3
2025-11-04T18:47:09 update: updating Queen Albums/[1974] - Queen II/04 - Some Day One Day.mp3
2025-11-04T18:47:09 update: updating Queen Albums/[1989] - The Miracle/04 - I Want It All.mp3
2025-11-04T18:47:09 update: updating Queen Albums/[1989] - The Miracle/07 - Rain Must Fall.mp3
2025-11-04T18:47:09 update: updating Queen Albums/[1989] - The Miracle/05 - The Invisible Man.mp3
2025-11-04T18:47:09 update: updating Queen Albums/[1989] - The Miracle/02 - Khashoggi's Ship.mp3
2025-11-04T18:47:09 update: updating Queen Albums/[1989] - The Miracle/06 - Breakthru.mp3
2025-11-04T18:47:09 update: updating Queen Albums/[1989] - The Miracle/08 - Scandal.mp3
2025-11-04T18:47:09 update: updating Queen Albums/[1989] - The Miracle/13 - The Invisible Man (12 Version).mp3
2025-11-04T18:47:09 update: updating Queen Albums/[1989] - The Miracle/01 - Party.mp3
2025-11-04T18:47:09 update: updating Queen Albums/[1989] - The Miracle/12 - Chinese Torture.mp3
2025-11-04T18:47:09 update: updating Queen Albums/[1989] - The Miracle/09 - My Baby Does Me.mp3
2025-11-04T18:47:09 update: updating Queen Albums/[1989] - The Miracle/10 - Was It All Worth It.mp3
2025-11-04T18:47:09 update: updating Queen Albums/[1989] - The Miracle/11 - Hang On In There.mp3
2025-11-04T18:47:09 update: updating Queen Albums/[1989] - The Miracle/03 - The Miracle.mp3
2025-11-04T18:47:09 update: updating Queen Albums/[1977] - News Of The World/10 - It's Late.mp3
2025-11-04T18:47:09 update: updating Queen Albums/[1977] - News Of The World/04 - All Dead, All Dead.mp3
2025-11-04T18:47:09 update: updating Queen Albums/[1977] - News Of The World/11 - My Melancholy Blues.mp3
2025-11-04T18:47:09 update: updating Queen Albums/[1977] - News Of The World/01 - We Will Rock You.mp3
2025-11-04T18:47:09 update: updating Queen Albums/[1977] - News Of The World/06 - Fight From The Inside.mp3
2025-11-04T18:47:09 update: updating Queen Albums/[1977] - News Of The World/07 - Get Down, Make Love.mp3
2025-11-04T18:47:09 update: updating Queen Albums/[1977] - News Of The World/09 - Who Needs You.mp3
2025-11-04T18:47:09 update: updating Queen Albums/[1977] - News Of The World/08 - Sleeping On The Sidewalk.mp3
2025-11-04T18:47:09 update: updating Queen Albums/[1977] - News Of The World/03 - Sheer Heart Attack.mp3
2025-11-04T18:47:09 update: updating Queen Albums/[1977] - News Of The World/05 - Spread Your Wings.mp3
2025-11-04T18:47:09 update: updating Queen Albums/[1977] - News Of The World/02 - We Are The Champions.mp3
2025-11-04T18:47:09 update: updating Queen Albums/[1995] - Made In Heaven/03 - Let Me Live.mp3
2025-11-04T18:47:09 update: updating Queen Albums/[1995] - Made In Heaven/11 - It's A Beautiful Day (Reprise).mp3
2025-11-04T18:47:09 update: updating Queen Albums/[1995] - Made In Heaven/06 - I Was Born To Love You.mp3
2025-11-04T18:47:09 update: updating Queen Albums/[1995] - Made In Heaven/08 - Too Much Love Will Kill You.mp3
2025-11-04T18:47:09 update: updating Queen Albums/[1995] - Made In Heaven/09 - You Don't Fool Me.mp3
2025-11-04T18:47:09 update: updating Queen Albums/[1995] - Made In Heaven/05 - My Life Has Been Saved.mp3
2025-11-04T18:47:09 update: updating Queen Albums/[1995] - Made In Heaven/13 - Untitled Hidden Track.mp3
2025-11-04T18:47:09 update: updating Queen Albums/[1995] - Made In Heaven/12 - Yeah.mp3
2025-11-04T18:47:09 update: updating Queen Albums/[1995] - Made In Heaven/04 - Mother Love.mp3
2025-11-04T18:47:09 update: updating Queen Albums/[1995] - Made In Heaven/07 - Heaven For Everyone.mp3
2025-11-04T18:47:09 update: updating Queen Albums/[1995] - Made In Heaven/10 - A Winter's Tale.mp3
2025-11-04T18:47:09 update: updating Queen Albums/[1995] - Made In Heaven/01 - It's A Beautiful Day.mp3
2025-11-04T18:47:09 update: updating Queen Albums/[1995] - Made In Heaven/02 - Made In Heaven.mp3
2025-11-04T18:47:09 update: updating Natlan/[SPOTIFY-DOWNLOADER.COM] Thanks for the Fire.mp3
2025-11-04T18:47:09 update: updating Natlan/[SPOTIFY-DOWNLOADER.COM] Feast and Bounty.mp3
2025-11-04T18:47:09 update: updating Natlan/[SPOTIFY-DOWNLOADER.COM] Whirl of Chalchiuhtlicue.mp3
2025-11-04T18:47:09 update: updating Natlan/[SPOTIFY-DOWNLOADER.COM] When Rain Clouds Gather.mp3
Note: Illegal Audio-MPEG-Header 0x00000000 at offset 148749.
Note: Trying to resync...
Note: Hit end of (available) data during resync.
2025-11-04T18:47:09 mpg123: mpg123_getformat() failed: Message: I am done with this track.
Note: Illegal Audio-MPEG-Header 0x00000000 at offset 148749.
Note: Trying to resync...
Note: Hit end of (available) data during resync.
2025-11-04T18:47:09 mpg123: mpg123_getformat() failed: Message: I am done with this track.
2025-11-04T18:47:09 ffmpeg/h263: Format h263 detected only with low score of 24, misdetection possible!
2025-11-04T18:47:09 ffmpeg/h263: Bad picture start code
2025-11-04T18:47:09 ffmpeg/h263: header damaged
2025-11-04T18:47:09 ffmpeg/h263: Could not find codec parameters for stream 0 (Video: h263, none): unspecified size
Consider increasing the value for the 'analyzeduration' (0) and 'probesize' (5000000) options
2025-11-04T18:47:09 update: updating Natlan/[SPOTIFY-DOWNLOADER.COM] Chirping of Canyons.mp3
2025-11-04T18:47:09 update: updating Natlan/[SPOTIFY-DOWNLOADER.COM] Arcana of Zipacna.mp3
2025-11-04T18:47:09 update: updating Natlan/[SPOTIFY-DOWNLOADER.COM] Makani 'olu'olu.mp3
2025-11-04T18:47:09 update: updating Natlan/[SPOTIFY-DOWNLOADER.COM] A Distant Farewell.mp3
2025-11-04T18:47:09 update: updating Natlan/[SPOTIFY-DOWNLOADER.COM] The Heights of Rumikunamanta.mp3
2025-11-04T18:47:09 update: updating Natlan/[SPOTIFY-DOWNLOADER.COM] Scarlet Song.mp3
2025-11-04T18:47:09 update: updating Natlan/[SPOTIFY-DOWNLOADER.COM] Realm of Ethereal Murk.mp3
2025-11-04T18:47:09 update: updating Natlan/[SPOTIFY-DOWNLOADER.COM] Fog of the Seasons.mp3
2025-11-04T18:47:09 update: updating Natlan/[SPOTIFY-DOWNLOADER.COM] Chasing Flames Like Strings.mp3
2025-11-04T18:47:09 update: updating Natlan/[SPOTIFY-DOWNLOADER.COM] Flute of Uilacapitztli.mp3
2025-11-04T18:47:09 update: updating Natlan/[SPOTIFY-DOWNLOADER.COM] Promises by the Spring.mp3
2025-11-04T18:47:09 update: updating Natlan/[SPOTIFY-DOWNLOADER.COM] ...Times Come Again No More.mp3
2025-11-04T18:47:09 update: updating Natlan/[SPOTIFY-DOWNLOADER.COM] Moment of Solace.mp3
2025-11-04T18:47:09 update: updating Natlan/[SPOTIFY-DOWNLOADER.COM] Chimes on the Blue Shore.mp3
Note: Illegal Audio-MPEG-Header 0x00000000 at offset 158791.
Note: Trying to resync...
Note: Hit end of (available) data during resync.
2025-11-04T18:47:09 mpg123: mpg123_getformat() failed: Message: I am done with this track.
Note: Illegal Audio-MPEG-Header 0x00000000 at offset 158791.
Note: Trying to resync...
Note: Hit end of (available) data during resync.
2025-11-04T18:47:09 mpg123: mpg123_getformat() failed: Message: I am done with this track.
2025-11-04T18:47:09 ffmpeg/mp3: Format mp3 detected only with low score of 24, misdetection possible!
2025-11-04T18:47:09 ffmpeg/mp3: Failed to find two consecutive MPEG audio frames.
2025-11-04T18:47:09 update: updating Natlan/[SPOTIFY-DOWNLOADER.COM] Halls of Hueyteotl.mp3
2025-11-04T18:47:09 update: updating Natlan/[SPOTIFY-DOWNLOADER.COM] Jubilation of Calcine.mp3
2025-11-04T18:47:09 update: updating Natlan/[SPOTIFY-DOWNLOADER.COM] Delightful Whimsy.mp3
2025-11-04T18:47:09 update: updating Natlan/[SPOTIFY-DOWNLOADER.COM] Sifu Moto.mp3
2025-11-04T18:47:09 update: updating Natlan/[SPOTIFY-DOWNLOADER.COM] Undanced Dance.mp3
2025-11-04T18:47:09 update: updating Natlan/[SPOTIFY-DOWNLOADER.COM] Dream of Tranquility.mp3
2025-11-04T18:47:09 update: updating Natlan/[SPOTIFY-DOWNLOADER.COM] Dazzling Moon of Metztli.mp3
2025-11-04T18:47:09 update: updating Natlan/[SPOTIFY-DOWNLOADER.COM] Rainbow Leis.mp3
2025-11-04T18:47:09 update: updating Natlan/[SPOTIFY-DOWNLOADER.COM] Beat of Boulders.mp3
2025-11-04T18:47:09 update: updating Natlan/[SPOTIFY-DOWNLOADER.COM] Flower Writing.mp3
2025-11-04T18:47:09 update: updating Natlan/[SPOTIFY-DOWNLOADER.COM] Eventide Chant.mp3
2025-11-04T18:47:09 update: updating Natlan/[SPOTIFY-DOWNLOADER.COM] After So Many Words.mp3
2025-11-04T18:47:09 update: updating Natlan/[SPOTIFY-DOWNLOADER.COM] Quetzal's Yearning.mp3
2025-11-04T18:47:09 update: updating Natlan/[SPOTIFY-DOWNLOADER.COM] Until the Morning After.mp3
2025-11-04T18:47:09 update: updating Natlan/[SPOTIFY-DOWNLOADER.COM] Introduction to a Little Friend.mp3
2025-11-04T18:47:09 update: updating Natlan/[SPOTIFY-DOWNLOADER.COM] Inheritance of an Ancient Name.mp3
2025-11-04T18:47:09 update: updating Natlan/[SPOTIFY-DOWNLOADER.COM] Bequeathed to the Beloved.mp3
2025-11-04T18:47:09 update: updating Natlan/[SPOTIFY-DOWNLOADER.COM] A Harvest of Dreams.mp3
2025-11-04T18:47:09 update: updating Natlan/[SPOTIFY-DOWNLOADER.COM] Cuicatl of Kongamato.mp3
Note: Illegal Audio-MPEG-Header 0x00000000 at offset 159432.
Note: Trying to resync...
Note: Hit end of (available) data during resync.
2025-11-04T18:47:09 mpg123: mpg123_getformat() failed: Message: I am done with this track.
Note: Illegal Audio-MPEG-Header 0x00000000 at offset 159432.
Note: Trying to resync...
Note: Hit end of (available) data during resync.
2025-11-04T18:47:09 mpg123: mpg123_getformat() failed: Message: I am done with this track.
2025-11-04T18:47:09 ffmpeg/mp3: Format mp3 detected only with low score of 24, misdetection possible!
2025-11-04T18:47:09 ffmpeg/mp3: Failed to find two consecutive MPEG audio frames.
2025-11-04T18:47:09 update: updating Natlan/[SPOTIFY-DOWNLOADER.COM] Silent Voices of the Night.mp3
2025-11-04T18:47:09 update: updating Natlan/[SPOTIFY-DOWNLOADER.COM] A Night of Their Own.mp3
2025-11-04T18:47:09 update: updating Natlan/[SPOTIFY-DOWNLOADER.COM] Baba we Twasali.mp3
Note: Illegal Audio-MPEG-Header 0x00000000 at offset 158792.
Note: Trying to resync...
Note: Hit end of (available) data during resync.
2025-11-04T18:47:09 mpg123: mpg123_getformat() failed: Message: I am done with this track.
Note: Illegal Audio-MPEG-Header 0x00000000 at offset 158792.
Note: Trying to resync...
Note: Hit end of (available) data during resync.
2025-11-04T18:47:09 mpg123: mpg123_getformat() failed: Message: I am done with this track.
2025-11-04T18:47:09 ffmpeg/mp3: Format mp3 detected only with low score of 24, misdetection possible!
2025-11-04T18:47:09 ffmpeg/mp3: Failed to find two consecutive MPEG audio frames.
2025-11-04T18:47:09 update: updating Natlan/[SPOTIFY-DOWNLOADER.COM] Blazing Proclamation.mp3
2025-11-04T18:47:09 update: updating Natlan/[SPOTIFY-DOWNLOADER.COM] Dust of Dusklands.mp3
2025-11-04T18:47:09 update: updating Natlan/[SPOTIFY-DOWNLOADER.COM] Descendants of Ahkantenal.mp3
2025-11-04T18:47:09 update: updating Oppenheimer/Trinity.mp3
2025-11-04T18:47:09 update: updating Oppenheimer/Oppenheimer.mp3
2025-11-04T18:47:09 update: updating Oppenheimer/Can You Hear The Music.mp3
2025-11-04T18:47:09 update: updating Oppenheimer/Destroyer Of Worlds.mp3
2025-11-04T18:47:09 update: updating Oppenheimer/Groves.mp3
2025-11-04T18:47:09 update: updating Oppenheimer/Power Stays In The Shadows.mp3
2025-11-04T18:47:09 update: updating Oppenheimer/Ground Zero.mp3
2025-11-04T18:47:09 update: updating Oppenheimer/Atmospheric Ignition.mp3
2025-11-04T18:47:09 update: updating Oppenheimer/Something More Important.mp3
2025-11-04T18:47:09 update: updating Oppenheimer/A Lowly Shoe Salesman.mp3
2025-11-04T18:47:09 update: updating Oppenheimer/Dr. Hill.mp3
2025-11-04T18:47:09 update: updating Oppenheimer/Meeting Kitty.mp3
2025-11-04T18:47:09 update: updating Oppenheimer/What We Have Done.mp3
2025-11-04T18:47:09 update: updating Oppenheimer/American Prometheus.mp3
2025-11-04T18:47:09 update: updating Oppenheimer/Fusion.mp3
2025-11-04T18:47:09 update: updating Oppenheimer/Quantum Mechanics.mp3
2025-11-04T18:47:09 update: updating Oppenheimer/Los Alamos.mp3
2025-11-04T18:47:09 update: updating Oppenheimer/Fission.mp3
2025-11-04T18:47:09 update: updating Oppenheimer/Gravity Swallows Light.mp3
2025-11-04T18:47:09 update: updating Oppenheimer/Manhattan Project.mp3
2025-11-04T18:47:09 update: updating Oppenheimer/Kitty Comes To Testify.mp3
2025-11-04T18:47:09 update: updating Oppenheimer/The Trial.mp3
2025-11-04T18:47:09 update: updating Oppenheimer/Theorists.mp3
2025-11-04T18:47:09 update: updating Oppenheimer/Colonel Pash.mp3
2025-11-04T18:47:09 update: updating Undertale - Lossless Soundtrack (toby fox)/toby fox - UNDERTALE Soundtrack - 19 Dogbass.mp3
2025-11-04T18:47:09 update: updating Undertale - Lossless Soundtrack (toby fox)/toby fox - UNDERTALE Soundtrack - 49 It's Showtime!.mp3
2025-11-04T18:47:09 update: updating Undertale - Lossless Soundtrack (toby fox)/toby fox - UNDERTALE Soundtrack - 54 Hotel.mp3
2025-11-04T18:47:09 update: updating Undertale - Lossless Soundtrack (toby fox)/toby fox - UNDERTALE Soundtrack - 57 Live Report.mp3
2025-11-04T18:47:09 update: updating Undertale - Lossless Soundtrack (toby fox)/toby fox - UNDERTALE Soundtrack - 84 Amalgam.mp3
2025-11-04T18:47:09 update: updating Undertale - Lossless Soundtrack (toby fox)/toby fox - UNDERTALE Soundtrack - 40 Ghouliday.mp3
2025-11-04T18:47:09 update: updating Undertale - Lossless Soundtrack (toby fox)/toby fox - UNDERTALE Soundtrack - 88 Burn in Despair!.mp3
2025-11-04T18:47:09 update: updating Undertale - Lossless Soundtrack (toby fox)/toby fox - UNDERTALE Soundtrack - 99 Power of -NEO-.mp3
2025-11-04T18:47:09 update: updating Undertale - Lossless Soundtrack (toby fox)/toby fox - UNDERTALE Soundtrack - 17 Snowy.mp3
2025-11-04T18:47:09 update: updating Undertale - Lossless Soundtrack (toby fox)/toby fox - UNDERTALE Soundtrack - 66 Last Episode!.mp3
2025-11-04T18:47:09 update: updating Undertale - Lossless Soundtrack (toby fox)/toby fox - UNDERTALE Soundtrack - 18 Uwa!! So Holiday♫.mp3
2025-11-04T18:47:09 update: updating Undertale - Lossless Soundtrack (toby fox)/toby fox - UNDERTALE Soundtrack - 34 Memory.mp3
2025-11-04T18:47:09 update: updating Undertale - Lossless Soundtrack (toby fox)/toby fox - UNDERTALE Soundtrack - 81 An Ending.mp3
2025-11-04T18:47:09 update: updating Undertale - Lossless Soundtrack (toby fox)/toby fox - UNDERTALE Soundtrack - 11 Determination.mp3
2025-11-04T18:47:09 update: updating Undertale - Lossless Soundtrack (toby fox)/toby fox - UNDERTALE Soundtrack - 27 Dating Fight!.mp3
2025-11-04T18:47:09 update: updating Undertale - Lossless Soundtrack (toby fox)/toby fox - UNDERTALE Soundtrack - 52 Uwa!! So HEATS!!♫.mp3
2025-11-04T18:47:09 update: updating Undertale - Lossless Soundtrack (toby fox)/toby fox - UNDERTALE Soundtrack - 28 Premonition.mp3
2025-11-04T18:47:09 update: updating Undertale - Lossless Soundtrack (toby fox)/toby fox - UNDERTALE Soundtrack - 85 Fallen Down (Reprise).mp3
2025-11-04T18:47:09 update: updating Undertale - Lossless Soundtrack (toby fox)/toby fox - UNDERTALE Soundtrack - 24 Bonetrousle.mp3
2025-11-04T18:47:09 update: updating Undertale - Lossless Soundtrack (toby fox)/toby fox - UNDERTALE Soundtrack - 02 Start Menu.mp3
2025-11-04T18:47:09 update: updating Undertale - Lossless Soundtrack (toby fox)/toby fox - UNDERTALE Soundtrack - 72 Song That Might Play When You Fight Sans.mp3
2025-11-04T18:47:09 update: updating Undertale - Lossless Soundtrack (toby fox)/toby fox - UNDERTALE Soundtrack - 50 Metal Crusher.mp3
2025-11-04T18:47:09 update: updating Undertale - Lossless Soundtrack (toby fox)/toby fox - UNDERTALE Soundtrack - 22 Snowdin Town.mp3
2025-11-04T18:47:09 update: updating Undertale - Lossless Soundtrack (toby fox)/toby fox - UNDERTALE Soundtrack - 01 Once Upon a Time.mp3
2025-11-04T18:47:09 update: updating Undertale - Lossless Soundtrack (toby fox)/toby fox - UNDERTALE Soundtrack - 60 Wrong Enemy !-.mp3
2025-11-04T18:47:09 update: updating Undertale - Lossless Soundtrack (toby fox)/toby fox - UNDERTALE Soundtrack - 95 Bring It In, Guys!.mp3
2025-11-04T18:47:09 update: updating Undertale - Lossless Soundtrack (toby fox)/toby fox - UNDERTALE Soundtrack - 59 Spider Dance.mp3
2025-11-04T18:47:09 update: updating Undertale - Lossless Soundtrack (toby fox)/toby fox - UNDERTALE Soundtrack - 79 Your Best Nightmare.mp3
2025-11-04T18:47:09 update: updating Undertale - Lossless Soundtrack (toby fox)/toby fox - UNDERTALE Soundtrack - 37 Pathetic House.mp3
2025-11-04T18:47:09 update: updating Undertale - Lossless Soundtrack (toby fox)/toby fox - UNDERTALE Soundtrack - 46 Spear of Justice.mp3
2025-11-04T18:47:09 update: updating Undertale - Lossless Soundtrack (toby fox)/toby fox - UNDERTALE Soundtrack - 41 Chill.mp3
2025-11-04T18:47:09 update: updating Undertale - Lossless Soundtrack (toby fox)/toby fox - UNDERTALE Soundtrack - 39 Spookwave.mp3
2025-11-04T18:47:09 update: updating Undertale - Lossless Soundtrack (toby fox)/toby fox - UNDERTALE Soundtrack - 97 But the Earth Refused to Die.mp3
2025-11-04T18:47:09 update: updating Undertale - Lossless Soundtrack (toby fox)/toby fox - UNDERTALE Soundtrack - 96 Last Goodbye.mp3
2025-11-04T18:47:09 update: updating Undertale - Lossless Soundtrack (toby fox)/toby fox - UNDERTALE Soundtrack - 20 Mysterious Place.mp3
2025-11-04T18:47:09 update: updating Undertale - Lossless Soundtrack (toby fox)/toby fox - UNDERTALE Soundtrack - 94 Respite.mp3
2025-11-04T18:47:09 update: updating Undertale - Lossless Soundtrack (toby fox)/toby fox - UNDERTALE Soundtrack - 82 She's Playing Piano.mp3
2025-11-04T18:47:09 update: updating Undertale - Lossless Soundtrack (toby fox)/toby fox - UNDERTALE Soundtrack - 91 Final Power.mp3
2025-11-04T18:47:09 update: updating Undertale - Lossless Soundtrack (toby fox)/toby fox - UNDERTALE Soundtrack - 10 Ghost Fight.mp3
2025-11-04T18:47:09 update: updating Undertale - Lossless Soundtrack (toby fox)/toby fox - UNDERTALE Soundtrack - 05 Ruins.mp3
2025-11-04T18:47:09 update: updating Undertale - Lossless Soundtrack (toby fox)/toby fox - UNDERTALE Soundtrack - 07 Anticipation.mp3
2025-11-04T18:47:09 update: updating Undertale - Lossless Soundtrack (toby fox)/toby fox - UNDERTALE Soundtrack - 75 Barrier.mp3
2025-11-04T18:47:09 update: updating Undertale - Lossless Soundtrack (toby fox)/toby fox - UNDERTALE Soundtrack - 78 You Idiot.mp3
2025-11-04T18:47:09 update: updating Undertale - Lossless Soundtrack (toby fox)/toby fox - UNDERTALE Soundtrack - 53 Stronger Monsters.mp3
2025-11-04T18:47:09 update: updating Undertale - Lossless Soundtrack (toby fox)/toby fox - UNDERTALE Soundtrack - 12 Home.mp3
2025-11-04T18:47:09 update: updating Undertale - Lossless Soundtrack (toby fox)/toby fox - UNDERTALE Soundtrack - 35 Bird That Carries You Over A Disproportionately Small Gap.mp3
2025-11-04T18:47:09 update: updating Undertale - Lossless Soundtrack (toby fox)/toby fox - UNDERTALE Soundtrack - 06 Uwa!! So Temperate♫.mp3
2025-11-04T18:47:09 update: updating Undertale - Lossless Soundtrack (toby fox)/toby fox - UNDERTALE Soundtrack - 90 His Theme.mp3
2025-11-04T18:47:09 update: updating Undertale - Lossless Soundtrack (toby fox)/toby fox - UNDERTALE Soundtrack - 21 Dogsong.mp3
2025-11-04T18:47:09 update: updating Undertale - Lossless Soundtrack (toby fox)/toby fox - UNDERTALE Soundtrack - 43 Temmie Village.mp3
2025-11-04T18:47:09 update: updating Undertale - Lossless Soundtrack (toby fox)/toby fox - UNDERTALE Soundtrack - 101 Good Night.mp3
2025-11-04T18:47:09 update: updating Undertale - Lossless Soundtrack (toby fox)/toby fox - UNDERTALE Soundtrack - 16 Nyeh Heh Heh!.mp3
2025-11-04T18:47:09 update: updating Undertale - Lossless Soundtrack (toby fox)/toby fox - UNDERTALE Soundtrack - 45 NGAHHH!!.mp3
2025-11-04T18:47:09 update: updating Undertale - Lossless Soundtrack (toby fox)/toby fox - UNDERTALE Soundtrack - 63 It's Raining Somewhere Else.mp3
2025-11-04T18:47:09 update: updating Undertale - Lossless Soundtrack (toby fox)/toby fox - UNDERTALE Soundtrack - 80 Finale.mp3
2025-11-04T18:47:09 update: updating Undertale - Lossless Soundtrack (toby fox)/toby fox - UNDERTALE Soundtrack - 65 CORE.mp3
2025-11-04T18:47:09 update: updating Undertale - Lossless Soundtrack (toby fox)/toby fox - UNDERTALE Soundtrack - 55 Can You Really Call This A Hotel, I Didn't Receive A Mint On My Pillow Or Anything.mp3
2025-11-04T18:47:09 update: updating Undertale - Lossless Soundtrack (toby fox)/toby fox - UNDERTALE Soundtrack - 93 Menu (Full).mp3
2025-11-04T18:47:09 update: updating Undertale - Lossless Soundtrack (toby fox)/toby fox - UNDERTALE Soundtrack - 31 Waterfall.mp3
2025-11-04T18:47:09 update: updating Undertale - Lossless Soundtrack (toby fox)/toby fox - UNDERTALE Soundtrack - 67 Oh My....mp3
2025-11-04T18:47:09 update: updating Undertale - Lossless Soundtrack (toby fox)/toby fox - UNDERTALE Soundtrack - 58 Death Report.mp3
2025-11-04T18:47:09 update: updating Undertale - Lossless Soundtrack (toby fox)/toby fox - UNDERTALE Soundtrack - 73 The Choice.mp3
2025-11-04T18:47:09 update: updating Undertale - Lossless Soundtrack (toby fox)/toby fox - UNDERTALE Soundtrack - 51 Another Medium.mp3
2025-11-04T18:47:09 update: updating Undertale - Lossless Soundtrack (toby fox)/toby fox - UNDERTALE Soundtrack - 77 ASGORE.mp3
2025-11-04T18:47:09 update: updating Undertale - Lossless Soundtrack (toby fox)/toby fox - UNDERTALE Soundtrack - 87 Hopes and Dreams.mp3
2025-11-04T18:47:09 update: updating Undertale - Lossless Soundtrack (toby fox)/toby fox - UNDERTALE Soundtrack - 62 Oh! Dungeon.mp3
2025-11-04T18:47:09 update: updating Undertale - Lossless Soundtrack (toby fox)/toby fox - UNDERTALE Soundtrack - 86 Don't Give Up.mp3
2025-11-04T18:47:09 update: updating Undertale - Lossless Soundtrack (toby fox)/toby fox - UNDERTALE Soundtrack - 69 For the Fans.mp3
2025-11-04T18:47:09 update: updating Undertale - Lossless Soundtrack (toby fox)/toby fox - UNDERTALE Soundtrack - 26 Dating Tense!.mp3
2025-11-04T18:47:09 update: updating Undertale - Lossless Soundtrack (toby fox)/toby fox - UNDERTALE Soundtrack - 83 Here We Are.mp3
2025-11-04T18:47:09 update: updating Undertale - Lossless Soundtrack (toby fox)/toby fox - UNDERTALE Soundtrack - 64 CORE Approach.mp3
2025-11-04T18:47:09 update: updating Undertale - Lossless Soundtrack (toby fox)/toby fox - UNDERTALE Soundtrack - 42 Thundersnail.mp3
2025-11-04T18:47:09 update: updating Undertale - Lossless Soundtrack (toby fox)/toby fox - UNDERTALE Soundtrack - 92 Reunited.mp3
2025-11-04T18:47:09 update: updating Undertale - Lossless Soundtrack (toby fox)/toby fox - UNDERTALE Soundtrack - 56 Confession.mp3
2025-11-04T18:47:09 update: updating Undertale - Lossless Soundtrack (toby fox)/toby fox - UNDERTALE Soundtrack - 89 SAVE the World.mp3
2025-11-04T18:47:09 update: updating Undertale - Lossless Soundtrack (toby fox)/toby fox - UNDERTALE Soundtrack - 48 Alphys.mp3
2025-11-04T18:47:09 update: updating Undertale - Lossless Soundtrack (toby fox)/toby fox - UNDERTALE Soundtrack - 25 Dating Start!.mp3
2025-11-04T18:47:09 update: updating Undertale - Lossless Soundtrack (toby fox)/toby fox - UNDERTALE Soundtrack - 13 Home (Music Box).mp3
2025-11-04T18:47:09 update: updating Undertale - Lossless Soundtrack (toby fox)/toby fox - UNDERTALE Soundtrack - 47 Ooo.mp3
2025-11-04T18:47:09 update: updating Undertale - Lossless Soundtrack (toby fox)/toby fox - UNDERTALE Soundtrack - 15 sans..mp3
2025-11-04T18:47:09 update: updating Undertale - Lossless Soundtrack (toby fox)/toby fox - UNDERTALE Soundtrack - 30 Undyne.mp3
2025-11-04T18:47:09 update: updating Undertale - Lossless Soundtrack (toby fox)/toby fox - UNDERTALE Soundtrack - 38 Spooktune.mp3
2025-11-04T18:47:09 update: updating Undertale - Lossless Soundtrack (toby fox)/toby fox - UNDERTALE Soundtrack - 76 Bergentrückung.mp3
2025-11-04T18:47:09 update: updating Undertale - Lossless Soundtrack (toby fox)/toby fox - UNDERTALE Soundtrack - 09 Enemy Approaching.mp3
2025-11-04T18:47:09 update: updating Undertale - Lossless Soundtrack (toby fox)/toby fox - UNDERTALE Soundtrack - 03 Your Best Friend.mp3
2025-11-04T18:47:09 update: updating Undertale - Lossless Soundtrack (toby fox)/toby fox - UNDERTALE Soundtrack - 14 Heartache.mp3
2025-11-04T18:47:09 update: updating Undertale - Lossless Soundtrack (toby fox)/toby fox - UNDERTALE Soundtrack - 29 Danger Mystery.mp3
2025-11-04T18:47:09 update: updating Undertale - Lossless Soundtrack (toby fox)/toby fox - UNDERTALE Soundtrack - 44 Tem Shop.mp3
2025-11-04T18:47:09 update: updating Undertale - Lossless Soundtrack (toby fox)/toby fox - UNDERTALE Soundtrack - 36 Dummy!.mp3
2025-11-04T18:47:09 update: updating Undertale - Lossless Soundtrack (toby fox)/toby fox - UNDERTALE Soundtrack - 70 Long Elevator.mp3
2025-11-04T18:47:09 update: updating Undertale - Lossless Soundtrack (toby fox)/toby fox - UNDERTALE Soundtrack - 68 Death by Glamour.mp3
2025-11-04T18:47:09 update: updating Undertale - Lossless Soundtrack (toby fox)/toby fox - UNDERTALE Soundtrack - 71 Undertale.mp3
2025-11-04T18:47:09 update: updating Undertale - Lossless Soundtrack (toby fox)/toby fox - UNDERTALE Soundtrack - 04 Fallen Down.mp3
2025-11-04T18:47:09 update: updating Undertale - Lossless Soundtrack (toby fox)/toby fox - UNDERTALE Soundtrack - 74 Small Shock.mp3
2025-11-04T18:47:09 update: updating Undertale - Lossless Soundtrack (toby fox)/toby fox - UNDERTALE Soundtrack - 98 Battle Against a True Hero.mp3
2025-11-04T18:47:09 update: updating Undertale - Lossless Soundtrack (toby fox)/toby fox - UNDERTALE Soundtrack - 100 MEGALOVANIA.mp3
2025-11-04T18:47:09 update: updating Undertale - Lossless Soundtrack (toby fox)/toby fox - UNDERTALE Soundtrack - 61 Oh! One True Love.mp3
2025-11-04T18:47:09 update: updating Undertale - Lossless Soundtrack (toby fox)/toby fox - UNDERTALE Soundtrack - 33 Quiet Water.mp3
2025-11-04T18:47:09 update: updating Undertale - Lossless Soundtrack (toby fox)/toby fox - UNDERTALE Soundtrack - 32 Run!.mp3
2025-11-04T18:47:09 update: updating Undertale - Lossless Soundtrack (toby fox)/toby fox - UNDERTALE Soundtrack - 08 Unnecessary Tension.mp3
2025-11-04T18:47:09 update: updating Undertale - Lossless Soundtrack (toby fox)/toby fox - UNDERTALE Soundtrack - 23 Shop.mp3
2025-11-04T18:48:59 update: updating plastic beach-gorillaz/06 Superfast Jellyfish (feat. Gruff Rhys & De La Soul).mp3
2025-11-04T18:48:59 update: updating plastic beach-gorillaz/01 Orchestral Intro (feat. Sinfonia Viva).mp3
2025-11-04T18:48:59 update: updating plastic beach-gorillaz/05 Stylo (feat. Mos Def & Bobby Womack).mp3
2025-11-04T18:48:59 update: updating plastic beach-gorillaz/08 Glitter Freeze (feat. Mark E Smith).mp3
2025-11-04T18:48:59 update: updating plastic beach-gorillaz/12 Sweepstakes (feat. Mos Def & Hypnotic Brass Ensemble).mp3
2025-11-04T18:48:59 update: updating plastic beach-gorillaz/07 Empire Ants (feat. Little Dragon).mp3
2025-11-04T18:48:59 update: updating plastic beach-gorillaz/09 Some Kind of Nature (feat. Lou Reed).mp3
2025-11-04T18:48:59 update: updating plastic beach-gorillaz/17 Pirate's Progress.mp3
2025-11-04T18:48:59 update: updating plastic beach-gorillaz/14 To Binge (feat. Little Dragon).mp3
2025-11-04T18:48:59 update: updating plastic beach-gorillaz/02 Welcome to the World of the Plastic Beach (feat. Snoop Dogg & Hypnotic Brass Ensemble).mp3
2025-11-04T18:48:59 update: updating plastic beach-gorillaz/16 Pirate Jet.mp3
2025-11-04T18:48:59 update: updating plastic beach-gorillaz/13 Plastic Beach (feat. Mick Jones & Paul Simonon).mp3
2025-11-04T18:48:59 update: updating plastic beach-gorillaz/11 Broken.mp3
2025-11-04T18:48:59 update: updating plastic beach-gorillaz/10 On Melancholy Hill.mp3
2025-11-04T18:48:59 update: updating plastic beach-gorillaz/04 Rhinestone Eyes.mp3
2025-11-04T18:48:59 update: updating plastic beach-gorillaz/15 Cloud of Unknowing (feat. Bobby Womack & Sinfonia Viva).mp3
2025-11-04T18:48:59 update: updating plastic beach-gorillaz/03 White Flag (feat. Bashy, Kano & the National Orchestra for Arabic Music).mp3
2025-11-04T18:48:59 update: updating /leave the lights.mp3
2025-11-04T18:48:59 update: updating Guns n Roses - Appetite For Destruction/09 Sweet Child O' Mine.mp3
2025-11-04T18:48:59 update: updating Guns n Roses - Appetite For Destruction/01 Welcome To The Jungle.mp3
2025-11-04T18:48:59 update: updating Guns n Roses - Appetite For Destruction/07 My Michelle.mp3
2025-11-04T18:48:59 update: updating Guns n Roses - Appetite For Destruction/10 You're Crazy.mp3
2025-11-04T18:48:59 update: updating Guns n Roses - Appetite For Destruction/11 Anything Goes.mp3
2025-11-04T18:48:59 update: updating Guns n Roses - Appetite For Destruction/03 Nightrain.mp3
2025-11-04T18:48:59 update: updating Guns n Roses - Appetite For Destruction/08 Think About You.mp3
2025-11-04T18:48:59 update: updating Guns n Roses - Appetite For Destruction/04 Out Ta Get Me.mp3
2025-11-04T18:48:59 update: updating Guns n Roses - Appetite For Destruction/05 Mr. Brownstone.mp3
2025-11-04T18:48:59 update: updating Guns n Roses - Appetite For Destruction/02 It's So Easy.mp3
2025-11-04T18:48:59 update: updating Guns n Roses - Appetite For Destruction/06 Paradise City.mp3
2025-11-04T18:48:59 update: updating Guns n Roses - Appetite For Destruction/12 Rocket Queen.mp3
2025-11-04T18:48:59 update: updating JKT48/Fortune Cookie - JKT48.mp3
2025-11-04T18:48:59 update: updating JKT48/Only Today - JKT48.mp3
2025-11-04T18:48:59 update: updating JKT48/Seventeen - JKT48.mp3
2025-11-04T18:48:59 update: updating JKT48/Aitakatta - JKT48.mp3
2025-11-04T18:48:59 update: updating JKT48/Heavy Rotation - JKT48.mp3
2025-11-04T18:48:59 update: updating lp_music-of-johann-strauss-no-2_johann-strauss-jr-clemens-krauss-wiener-ph/disc1/01.02. Der Zigeunerbaron―Overture.mp3
2025-11-04T18:48:59 update: updating lp_music-of-johann-strauss-no-2_johann-strauss-jr-clemens-krauss-wiener-ph/disc1/02.01. Künstlerleben.mp3
2025-11-04T18:48:59 update: updating lp_music-of-johann-strauss-no-2_johann-strauss-jr-clemens-krauss-wiener-ph/disc1/01.01. Die Fledermaus―Overture.mp3
2025-11-04T18:48:59 update: updating lp_music-of-johann-strauss-no-2_johann-strauss-jr-clemens-krauss-wiener-ph/disc1/02.02. Frühlingsstimmen.mp3
2025-11-04T18:48:59 update: updating Queen Albums/[1991] - Innuendo/06 - Ride The Wild Wind.mp3
2025-11-04T18:48:59 update: updating Queen Albums/[1991] - Innuendo/07 - All God's People.mp3
2025-11-04T18:48:59 update: updating Queen Albums/[1991] - Innuendo/08 - These Are The Days Of Our Lives.mp3
2025-11-04T18:48:59 update: updating Queen Albums/[1991] - Innuendo/04 - I Can't Live With You.mp3
2025-11-04T18:48:59 update: updating Queen Albums/[1991] - Innuendo/03 - Headlong.mp3
2025-11-04T18:48:59 update: updating Queen Albums/[1991] - Innuendo/09 - Delilah.mp3
2025-11-04T18:48:59 update: updating Queen Albums/[1991] - Innuendo/05 - Don't Try So Hard.mp3
2025-11-04T18:48:59 update: updating Queen Albums/[1991] - Innuendo/02 - I'm Going Slighty Mad.mp3
2025-11-04T18:48:59 update: updating Queen Albums/[1991] - Innuendo/12 - The Show Must Go On.mp3
2025-11-04T18:48:59 update: updating Queen Albums/[1991] - Innuendo/10 - The Hitman.mp3
2025-11-04T18:48:59 update: updating Queen Albums/[1991] - Innuendo/01 - Innuendo.mp3
2025-11-04T18:48:59 update: updating Queen Albums/[1991] - Innuendo/11 - Bijou.mp3
2025-11-04T18:48:59 update: updating Queen Albums/[1973] - Queen/08 - Son And Daughter.mp3
2025-11-04T18:48:59 update: updating Queen Albums/[1973] - Queen/06 - The Night Comes Down.mp3
2025-11-04T18:48:59 update: updating Queen Albums/[1973] - Queen/03 - Great King Rat.mp3
2025-11-04T18:48:59 update: updating Queen Albums/[1973] - Queen/04 - My Fairy King.mp3
2025-11-04T18:48:59 update: updating Queen Albums/[1973] - Queen/02 - Doing All Right.mp3
2025-11-04T18:48:59 update: updating Queen Albums/[1973] - Queen/10 - Seven Seas Of Rhye... (Instrumental).mp3
2025-11-04T18:48:59 update: updating Queen Albums/[1973] - Queen/01 - Keep Yourself Alive.mp3
2025-11-04T18:48:59 update: updating Queen Albums/[1973] - Queen/07 - Modern Times Rock 'n' Roll.mp3
2025-11-04T18:48:59 update: updating Queen Albums/[1973] - Queen/09 - Jesus.mp3
2025-11-04T18:48:59 update: updating Queen Albums/[1973] - Queen/05 - Liar.mp3
2025-11-04T18:48:59 update: updating Queen Albums/[1984] - The Works/07 - Keep Passing The Open Windows.mp3
2025-11-04T18:48:59 update: updating Queen Albums/[1984] - The Works/09 - Is This The World We Created....mp3
2025-11-04T18:48:59 update: updating Queen Albums/[1984] - The Works/05 - Machines (Or 'Back To Humans').mp3
2025-11-04T18:48:59 update: updating Queen Albums/[1984] - The Works/04 - Man On The Prowl.mp3
2025-11-04T18:48:59 update: updating Queen Albums/[1984] - The Works/01 - Radio Ga Ga.mp3
2025-11-04T18:48:59 update: updating Queen Albums/[1984] - The Works/02 - Tear It Up.mp3
2025-11-04T18:48:59 update: updating Queen Albums/[1984] - The Works/08 - Hammer To Fall.mp3
2025-11-04T18:48:59 update: updating Queen Albums/[1984] - The Works/03 - It's A Hard Life.mp3
2025-11-04T18:48:59 update: updating Queen Albums/[1984] - The Works/06 - I Want To Break Free.mp3
2025-11-04T18:48:59 update: updating Queen Albums/[1976] - A Day At The Races/08 - Good Old-Fashioned Lover Boy.mp3
2025-11-04T18:48:59 update: updating Queen Albums/[1976] - A Day At The Races/05 - You And I.mp3
2025-11-04T18:48:59 update: updating Queen Albums/[1976] - A Day At The Races/01 - Tie Your Mother Down.mp3
2025-11-04T18:48:59 update: updating Queen Albums/[1976] - A Day At The Races/07 - White Man.mp3
2025-11-04T18:48:59 update: updating Queen Albums/[1976] - A Day At The Races/04 - The Millionaire Waltz.mp3
2025-11-04T18:48:59 update: updating Queen Albums/[1976] - A Day At The Races/06 - Somebody To Love.mp3
2025-11-04T18:48:59 update: updating Queen Albums/[1976] - A Day At The Races/03 - Long Away.mp3
2025-11-04T18:48:59 update: updating Queen Albums/[1976] - A Day At The Races/10 - Teo Torriatte (Let Us Cling Together).mp3
2025-11-04T18:48:59 update: updating Queen Albums/[1976] - A Day At The Races/02 - You Take My Breath Away.mp3
2025-11-04T18:48:59 update: updating Queen Albums/[1976] - A Day At The Races/09 - Drowse.mp3
2025-11-04T18:48:59 update: updating Queen Albums/[1986] - A Kind Of Magic/02 - A Kind Of Magic.mp3
2025-11-04T18:48:59 update: updating Queen Albums/[1986] - A Kind Of Magic/09 - Princes Of The Universe.mp3
2025-11-04T18:48:59 update: updating Queen Albums/[1986] - A Kind Of Magic/08 - Don't Lose Your Head.mp3
2025-11-04T18:48:59 update: updating Queen Albums/[1986] - A Kind Of Magic/01 - One Vision.mp3
2025-11-04T18:48:59 update: updating Queen Albums/[1986] - A Kind Of Magic/11 - Friends Will Be Friends Will Be Friends....mp3
2025-11-04T18:48:59 update: updating Queen Albums/[1986] - A Kind Of Magic/03 - One Year Of Love.mp3
2025-11-04T18:48:59 update: updating Queen Albums/[1986] - A Kind Of Magic/12 - Forever.mp3
2025-11-04T18:48:59 update: updating Queen Albums/[1986] - A Kind Of Magic/06 - Who Wants To Live Forever.mp3
2025-11-04T18:48:59 update: updating Queen Albums/[1986] - A Kind Of Magic/10 - A Kind Of 'A Kind Of Magic'.mp3
2025-11-04T18:48:59 update: updating Queen Albums/[1986] - A Kind Of Magic/05 - Friends Will Be Friends.mp3
2025-11-04T18:48:59 update: updating Queen Albums/[1986] - A Kind Of Magic/04 - Pain Is So Close To Pleasure.mp3
2025-11-04T18:48:59 update: updating Queen Albums/[1986] - A Kind Of Magic/07 - Gimme The Prize (Kurgan's Theme).mp3
2025-11-04T18:48:59 update: updating Queen Albums/[1974] - Sheer Heart Attack/06 - Now I'm Here.mp3
2025-11-04T18:48:59 update: updating Queen Albums/[1974] - Sheer Heart Attack/09 - Dear Friends.mp3
2025-11-04T18:48:59 update: updating Queen Albums/[1974] - Sheer Heart Attack/12 - She Makes Me (Stormtrooper In Stilettoes).mp3
2025-11-04T18:48:59 update: updating Queen Albums/[1974] - Sheer Heart Attack/01 - Brighton Rock.mp3
2025-11-04T18:48:59 update: updating Queen Albums/[1974] - Sheer Heart Attack/03 - Tenement Funster.mp3
2025-11-04T18:48:59 update: updating Queen Albums/[1974] - Sheer Heart Attack/11 - Bring Back That Leroy Brown.mp3
2025-11-04T18:48:59 update: updating Queen Albums/[1974] - Sheer Heart Attack/07 - In the Lap Of The Gods.mp3
2025-11-04T18:48:59 update: updating Queen Albums/[1974] - Sheer Heart Attack/08 - Stone Cold Crazy.mp3
2025-11-04T18:48:59 update: updating Queen Albums/[1974] - Sheer Heart Attack/02 - Killer Queen.mp3
2025-11-04T18:48:59 update: updating Queen Albums/[1974] - Sheer Heart Attack/10 - Misfire.mp3
2025-11-04T18:48:59 update: updating Queen Albums/[1974] - Sheer Heart Attack/05 - Lily Of The Valley.mp3
2025-11-04T18:48:59 update: updating Queen Albums/[1974] - Sheer Heart Attack/13 - In The Lap Of The Gods...Revisited.mp3
2025-11-04T18:48:59 update: updating Queen Albums/[1974] - Sheer Heart Attack/04 - Flick Of The Wrist.mp3
2025-11-04T18:48:59 update: updating Queen Albums/[1975] - A Night At The Opera/06 - Sweet Lady.mp3
2025-11-04T18:48:59 update: updating Queen Albums/[1975] - A Night At The Opera/12 - God Save The Queen (Instrumental).mp3
2025-11-04T18:48:59 update: updating Queen Albums/[1975] - A Night At The Opera/01 - Death On Two Legs (Dedicated To...).mp3
2025-11-04T18:48:59 update: updating Queen Albums/[1975] - A Night At The Opera/08 - The Prophet's Song.mp3
2025-11-04T18:48:59 update: updating Queen Albums/[1975] - A Night At The Opera/11 - Bohemian Rhapsody.mp3
2025-11-04T18:48:59 update: updating Queen Albums/[1975] - A Night At The Opera/02 - Lazing On A Sunday Afternoon.mp3
2025-11-04T18:48:59 update: updating Queen Albums/[1975] - A Night At The Opera/10 - Good Company.mp3
2025-11-04T18:48:59 update: updating Queen Albums/[1975] - A Night At The Opera/03 - I'm In Love With My Car.mp3
2025-11-04T18:48:59 update: updating Queen Albums/[1975] - A Night At The Opera/04 - You're My Best Friend.mp3
2025-11-04T18:48:59 update: updating Queen Albums/[1975] - A Night At The Opera/09 - Love Of My Life.mp3
2025-11-04T18:48:59 update: updating Queen Albums/[1975] - A Night At The Opera/07 - Seaside Rendezvous.mp3
2025-11-04T18:48:59 update: updating Queen Albums/[1975] - A Night At The Opera/05 - '39.mp3
2025-11-04T18:48:59 update: updating Queen Albums/[1980] - The Game/04 - Need Your Loving Tonight.mp3
2025-11-04T18:48:59 update: updating Queen Albums/[1980] - The Game/06 - Rock It (Prime Jive).mp3
2025-11-04T18:48:59 update: updating Queen Albums/[1980] - The Game/02 - Dragon Attack.mp3
2025-11-04T18:48:59 update: updating Queen Albums/[1980] - The Game/01 - Play The Game.mp3
2025-11-04T18:48:59 update: updating Queen Albums/[1980] - The Game/10 - Save Me.mp3
2025-11-04T18:48:59 update: updating Queen Albums/[1980] - The Game/05 - Crazy Little Thing Called Love.mp3
2025-11-04T18:48:59 update: updating Queen Albums/[1980] - The Game/03 - Another One Bites The Dust.mp3
2025-11-04T18:48:59 update: updating Queen Albums/[1980] - The Game/08 - Sail Away Sweet Sister.mp3
2025-11-04T18:48:59 update: updating Queen Albums/[1980] - The Game/09 - Coming Soon.mp3
2025-11-04T18:48:59 update: updating Queen Albums/[1980] - The Game/07 - Don't Try Suicide.mp3
2025-11-04T18:48:59 update: updating Queen Albums/[1982] - Hot Space/04 - Body Language.mp3
2025-11-04T18:48:59 update: updating Queen Albums/[1982] - Hot Space/07 - Life Is Real (Song For Lennon).mp3
2025-11-04T18:48:59 update: updating Queen Albums/[1982] - Hot Space/08 - Calling All Girls.mp3
2025-11-04T18:48:59 update: updating Queen Albums/[1982] - Hot Space/01 - Staying Power.mp3
2025-11-04T18:48:59 update: updating Queen Albums/[1982] - Hot Space/02 - Dancer.mp3
2025-11-04T18:48:59 update: updating Queen Albums/[1982] - Hot Space/09 - Las Palabras De Amor (The Words Of Love).mp3
2025-11-04T18:48:59 update: updating Queen Albums/[1982] - Hot Space/11 - Under Pressure.mp3
2025-11-04T18:48:59 update: updating Queen Albums/[1982] - Hot Space/06 - Put Out The Fire.mp3
2025-11-04T18:48:59 update: updating Queen Albums/[1982] - Hot Space/03 - Back Chat.mp3
2025-11-04T18:48:59 update: updating Queen Albums/[1982] - Hot Space/10 - Cool Cat.mp3
2025-11-04T18:48:59 update: updating Queen Albums/[1982] - Hot Space/05 - Action This Day.mp3
2025-11-04T18:48:59 update: updating Queen Albums/Queen-Flash.mp3
2025-11-04T18:48:59 update: updating Queen Albums/[1978] - Jazz/08 - In Only Seven Days.mp3
2025-11-04T18:48:59 update: updating Queen Albums/[1978] - Jazz/12 - Don't Stop Me Now.mp3
2025-11-04T18:48:59 update: updating Queen Albums/[1978] - Jazz/04 - Bicycle Race.mp3
2025-11-04T18:48:59 update: updating Queen Albums/[1978] - Jazz/09 - Dreamer's Ball.mp3
2025-11-04T18:48:59 update: updating Queen Albums/[1978] - Jazz/05 - If You Can't Beat Them.mp3
2025-11-04T18:48:59 update: updating Queen Albums/[1978] - Jazz/11 - Leaving Home Ain't Easy.mp3
2025-11-04T18:48:59 update: updating Queen Albums/[1978] - Jazz/01 - Mustapha.mp3
2025-11-04T18:48:59 update: updating Queen Albums/[1978] - Jazz/03 - Jealousy.mp3
2025-11-04T18:48:59 update: updating Queen Albums/[1978] - Jazz/13 - More Of That Jazz.mp3
2025-11-04T18:48:59 update: updating Queen Albums/[1978] - Jazz/10 - Fun It.mp3
2025-11-04T18:48:59 update: updating Queen Albums/[1978] - Jazz/02 - Fat Bottomed Girls.mp3
2025-11-04T18:48:59 update: updating Queen Albums/[1978] - Jazz/07 - Dead On Time.mp3
2025-11-04T18:48:59 update: updating Queen Albums/[1978] - Jazz/06 - Let Me Entertain You.mp3
2025-11-04T18:48:59 update: updating Queen Albums/[1974] - Queen II/07 - The Fairy Feller's Master-Stroke.mp3
2025-11-04T18:48:59 update: updating Queen Albums/[1974] - Queen II/01 - Procession.mp3
2025-11-04T18:48:59 update: updating Queen Albums/[1974] - Queen II/11 - Seven Seas Of Rhye.mp3
2025-11-04T18:48:59 update: updating Queen Albums/[1974] - Queen II/09 - The March Of the Black Queen.mp3
2025-11-04T18:48:59 update: updating Queen Albums/[1974] - Queen II/10 - Funny How Love Is.mp3
2025-11-04T18:48:59 update: updating Queen Albums/[1974] - Queen II/06 - Ogre Battle.mp3
2025-11-04T18:48:59 update: updating Queen Albums/[1974] - Queen II/08 - Nevermore.mp3
2025-11-04T18:48:59 update: updating Queen Albums/[1974] - Queen II/02 - Father To Son.mp3
2025-11-04T18:48:59 update: updating Queen Albums/[1974] - Queen II/05 - The Loser In The End.mp3
2025-11-04T18:48:59 update: updating Queen Albums/[1974] - Queen II/03 - White Queen (As It Began).mp3
2025-11-04T18:48:59 update: updating Queen Albums/[1974] - Queen II/04 - Some Day One Day.mp3
2025-11-04T18:48:59 update: updating Queen Albums/[1989] - The Miracle/04 - I Want It All.mp3
2025-11-04T18:48:59 update: updating Queen Albums/[1989] - The Miracle/07 - Rain Must Fall.mp3
2025-11-04T18:48:59 update: updating Queen Albums/[1989] - The Miracle/05 - The Invisible Man.mp3
2025-11-04T18:48:59 update: updating Queen Albums/[1989] - The Miracle/02 - Khashoggi's Ship.mp3
2025-11-04T18:48:59 update: updating Queen Albums/[1989] - The Miracle/06 - Breakthru.mp3
2025-11-04T18:48:59 update: updating Queen Albums/[1989] - The Miracle/08 - Scandal.mp3
2025-11-04T18:48:59 update: updating Queen Albums/[1989] - The Miracle/13 - The Invisible Man (12 Version).mp3
2025-11-04T18:48:59 update: updating Queen Albums/[1989] - The Miracle/01 - Party.mp3
2025-11-04T18:48:59 update: updating Queen Albums/[1989] - The Miracle/12 - Chinese Torture.mp3
2025-11-04T18:48:59 update: updating Queen Albums/[1989] - The Miracle/09 - My Baby Does Me.mp3
2025-11-04T18:48:59 update: updating Queen Albums/[1989] - The Miracle/10 - Was It All Worth It.mp3
2025-11-04T18:48:59 update: updating Queen Albums/[1989] - The Miracle/11 - Hang On In There.mp3
2025-11-04T18:48:59 update: updating Queen Albums/[1989] - The Miracle/03 - The Miracle.mp3
2025-11-04T18:48:59 update: updating Queen Albums/[1977] - News Of The World/10 - It's Late.mp3
2025-11-04T18:48:59 update: updating Queen Albums/[1977] - News Of The World/04 - All Dead, All Dead.mp3
2025-11-04T18:48:59 update: updating Queen Albums/[1977] - News Of The World/11 - My Melancholy Blues.mp3
2025-11-04T18:48:59 update: updating Queen Albums/[1977] - News Of The World/01 - We Will Rock You.mp3
2025-11-04T18:48:59 update: updating Queen Albums/[1977] - News Of The World/06 - Fight From The Inside.mp3
2025-11-04T18:48:59 update: updating Queen Albums/[1977] - News Of The World/07 - Get Down, Make Love.mp3
2025-11-04T18:48:59 update: updating Queen Albums/[1977] - News Of The World/09 - Who Needs You.mp3
2025-11-04T18:48:59 update: updating Queen Albums/[1977] - News Of The World/08 - Sleeping On The Sidewalk.mp3
2025-11-04T18:48:59 update: updating Queen Albums/[1977] - News Of The World/03 - Sheer Heart Attack.mp3
2025-11-04T18:48:59 update: updating Queen Albums/[1977] - News Of The World/05 - Spread Your Wings.mp3
2025-11-04T18:48:59 update: updating Queen Albums/[1977] - News Of The World/02 - We Are The Champions.mp3
2025-11-04T18:48:59 update: updating Queen Albums/[1995] - Made In Heaven/03 - Let Me Live.mp3
2025-11-04T18:48:59 update: updating Queen Albums/[1995] - Made In Heaven/11 - It's A Beautiful Day (Reprise).mp3
2025-11-04T18:48:59 update: updating Queen Albums/[1995] - Made In Heaven/06 - I Was Born To Love You.mp3
2025-11-04T18:48:59 update: updating Queen Albums/[1995] - Made In Heaven/08 - Too Much Love Will Kill You.mp3
2025-11-04T18:48:59 update: updating Queen Albums/[1995] - Made In Heaven/09 - You Don't Fool Me.mp3
2025-11-04T18:48:59 update: updating Queen Albums/[1995] - Made In Heaven/05 - My Life Has Been Saved.mp3
2025-11-04T18:48:59 update: updating Queen Albums/[1995] - Made In Heaven/13 - Untitled Hidden Track.mp3
2025-11-04T18:48:59 update: updating Queen Albums/[1995] - Made In Heaven/12 - Yeah.mp3
2025-11-04T18:48:59 update: updating Queen Albums/[1995] - Made In Heaven/04 - Mother Love.mp3
2025-11-04T18:48:59 update: updating Queen Albums/[1995] - Made In Heaven/07 - Heaven For Everyone.mp3
2025-11-04T18:48:59 update: updating Queen Albums/[1995] - Made In Heaven/10 - A Winter's Tale.mp3
2025-11-04T18:48:59 update: updating Queen Albums/[1995] - Made In Heaven/01 - It's A Beautiful Day.mp3
2025-11-04T18:48:59 update: updating Queen Albums/[1995] - Made In Heaven/02 - Made In Heaven.mp3
2025-11-04T18:48:59 update: added Math Rock/In the Absence of Strong Evidence to the Contrary, One May Step Out of the Way of the Charging Bull_SpotiDost.mp3
2025-11-04T18:48:59 update: added Math Rock/Astray Life_SpotiDost.mp3
2025-11-04T18:48:59 update: added Math Rock/Open Closed Open_SpotiDost.mp3
2025-11-04T18:48:59 update: added Math Rock/大象體操ElephantGym _ 女巫 Witches【Official Music Video】-NEW ALBUM「夢境 Dreams」(5 11 Release)-_SpotiDost.mp3
2025-11-04T18:48:59 update: added Math Rock/Elm_SpotiDost.mp3
2025-11-04T18:48:59 update: added Math Rock/Quiet_SpotiDost.mp3
2025-11-04T18:48:59 update: added Math Rock/Deep Inside_SpotiDost.mp3
2025-11-04T18:48:59 update: added Math Rock/Objets de Vertu_SpotiDost.mp3
2025-11-04T18:48:59 update: added Math Rock/shibuya (feat. San Holo)_SpotiDost.mp3
2025-11-04T18:48:59 update: added Math Rock/Chevalier Bulltoe_SpotiDost.mp3
2025-11-04T18:48:59 update: added Math Rock/Imprimatura_SpotiDost.mp3
2025-11-04T18:48:59 update: updating Natlan/[SPOTIFY-DOWNLOADER.COM] Thanks for the Fire.mp3
2025-11-04T18:48:59 update: updating Natlan/[SPOTIFY-DOWNLOADER.COM] Feast and Bounty.mp3
2025-11-04T18:48:59 update: updating Natlan/[SPOTIFY-DOWNLOADER.COM] Whirl of Chalchiuhtlicue.mp3
2025-11-04T18:48:59 update: updating Natlan/[SPOTIFY-DOWNLOADER.COM] When Rain Clouds Gather.mp3
Note: Illegal Audio-MPEG-Header 0x00000000 at offset 148749.
Note: Trying to resync...
Note: Hit end of (available) data during resync.
2025-11-04T18:48:59 mpg123: mpg123_getformat() failed: Message: I am done with this track.
Note: Illegal Audio-MPEG-Header 0x00000000 at offset 148749.
Note: Trying to resync...
Note: Hit end of (available) data during resync.
2025-11-04T18:48:59 mpg123: mpg123_getformat() failed: Message: I am done with this track.
2025-11-04T18:48:59 ffmpeg/h263: Format h263 detected only with low score of 24, misdetection possible!
2025-11-04T18:48:59 ffmpeg/h263: Bad picture start code
2025-11-04T18:48:59 ffmpeg/h263: header damaged
2025-11-04T18:48:59 ffmpeg/h263: Could not find codec parameters for stream 0 (Video: h263, none): unspecified size
Consider increasing the value for the 'analyzeduration' (0) and 'probesize' (5000000) options
2025-11-04T18:48:59 update: updating Natlan/[SPOTIFY-DOWNLOADER.COM] Chirping of Canyons.mp3
2025-11-04T18:48:59 update: updating Natlan/[SPOTIFY-DOWNLOADER.COM] Arcana of Zipacna.mp3
2025-11-04T18:48:59 update: updating Natlan/[SPOTIFY-DOWNLOADER.COM] Makani 'olu'olu.mp3
2025-11-04T18:48:59 update: updating Natlan/[SPOTIFY-DOWNLOADER.COM] A Distant Farewell.mp3
2025-11-04T18:48:59 update: updating Natlan/[SPOTIFY-DOWNLOADER.COM] The Heights of Rumikunamanta.mp3
2025-11-04T18:48:59 update: updating Natlan/[SPOTIFY-DOWNLOADER.COM] Scarlet Song.mp3
2025-11-04T18:48:59 update: updating Natlan/[SPOTIFY-DOWNLOADER.COM] Realm of Ethereal Murk.mp3
2025-11-04T18:48:59 update: updating Natlan/[SPOTIFY-DOWNLOADER.COM] Fog of the Seasons.mp3
2025-11-04T18:48:59 update: updating Natlan/[SPOTIFY-DOWNLOADER.COM] Chasing Flames Like Strings.mp3
2025-11-04T18:48:59 update: updating Natlan/[SPOTIFY-DOWNLOADER.COM] Flute of Uilacapitztli.mp3
2025-11-04T18:48:59 update: updating Natlan/[SPOTIFY-DOWNLOADER.COM] Promises by the Spring.mp3
2025-11-04T18:48:59 update: updating Natlan/[SPOTIFY-DOWNLOADER.COM] ...Times Come Again No More.mp3
2025-11-04T18:48:59 update: updating Natlan/[SPOTIFY-DOWNLOADER.COM] Moment of Solace.mp3
2025-11-04T18:48:59 update: updating Natlan/[SPOTIFY-DOWNLOADER.COM] Chimes on the Blue Shore.mp3
Note: Illegal Audio-MPEG-Header 0x00000000 at offset 158791.
Note: Trying to resync...
Note: Hit end of (available) data during resync.
2025-11-04T18:48:59 mpg123: mpg123_getformat() failed: Message: I am done with this track.
Note: Illegal Audio-MPEG-Header 0x00000000 at offset 158791.
Note: Trying to resync...
Note: Hit end of (available) data during resync.
2025-11-04T18:48:59 mpg123: mpg123_getformat() failed: Message: I am done with this track.
2025-11-04T18:48:59 ffmpeg/mp3: Format mp3 detected only with low score of 24, misdetection possible!
2025-11-04T18:48:59 ffmpeg/mp3: Failed to find two consecutive MPEG audio frames.
2025-11-04T18:48:59 update: updating Natlan/[SPOTIFY-DOWNLOADER.COM] Halls of Hueyteotl.mp3
2025-11-04T18:48:59 update: updating Natlan/[SPOTIFY-DOWNLOADER.COM] Jubilation of Calcine.mp3
2025-11-04T18:48:59 update: updating Natlan/[SPOTIFY-DOWNLOADER.COM] Delightful Whimsy.mp3
2025-11-04T18:48:59 update: updating Natlan/[SPOTIFY-DOWNLOADER.COM] Sifu Moto.mp3
2025-11-04T18:48:59 update: updating Natlan/[SPOTIFY-DOWNLOADER.COM] Undanced Dance.mp3
2025-11-04T18:48:59 update: updating Natlan/[SPOTIFY-DOWNLOADER.COM] Dream of Tranquility.mp3
2025-11-04T18:48:59 update: updating Natlan/[SPOTIFY-DOWNLOADER.COM] Dazzling Moon of Metztli.mp3
2025-11-04T18:48:59 update: updating Natlan/[SPOTIFY-DOWNLOADER.COM] Rainbow Leis.mp3
2025-11-04T18:48:59 update: updating Natlan/[SPOTIFY-DOWNLOADER.COM] Beat of Boulders.mp3
2025-11-04T18:48:59 update: updating Natlan/[SPOTIFY-DOWNLOADER.COM] Flower Writing.mp3
2025-11-04T18:48:59 update: updating Natlan/[SPOTIFY-DOWNLOADER.COM] Eventide Chant.mp3
2025-11-04T18:48:59 update: updating Natlan/[SPOTIFY-DOWNLOADER.COM] After So Many Words.mp3
2025-11-04T18:48:59 update: updating Natlan/[SPOTIFY-DOWNLOADER.COM] Quetzal's Yearning.mp3
2025-11-04T18:48:59 update: updating Natlan/[SPOTIFY-DOWNLOADER.COM] Until the Morning After.mp3
2025-11-04T18:48:59 update: updating Natlan/[SPOTIFY-DOWNLOADER.COM] Introduction to a Little Friend.mp3
2025-11-04T18:48:59 update: updating Natlan/[SPOTIFY-DOWNLOADER.COM] Inheritance of an Ancient Name.mp3
2025-11-04T18:48:59 update: updating Natlan/[SPOTIFY-DOWNLOADER.COM] Bequeathed to the Beloved.mp3
2025-11-04T18:48:59 update: updating Natlan/[SPOTIFY-DOWNLOADER.COM] A Harvest of Dreams.mp3
2025-11-04T18:48:59 update: updating Natlan/[SPOTIFY-DOWNLOADER.COM] Cuicatl of Kongamato.mp3
Note: Illegal Audio-MPEG-Header 0x00000000 at offset 159432.
Note: Trying to resync...
Note: Hit end of (available) data during resync.
2025-11-04T18:48:59 mpg123: mpg123_getformat() failed: Message: I am done with this track.
Note: Illegal Audio-MPEG-Header 0x00000000 at offset 159432.
Note: Trying to resync...
Note: Hit end of (available) data during resync.
2025-11-04T18:48:59 mpg123: mpg123_getformat() failed: Message: I am done with this track.
2025-11-04T18:48:59 ffmpeg/mp3: Format mp3 detected only with low score of 24, misdetection possible!
2025-11-04T18:48:59 ffmpeg/mp3: Failed to find two consecutive MPEG audio frames.
2025-11-04T18:48:59 update: updating Natlan/[SPOTIFY-DOWNLOADER.COM] Silent Voices of the Night.mp3
2025-11-04T18:48:59 update: updating Natlan/[SPOTIFY-DOWNLOADER.COM] A Night of Their Own.mp3
2025-11-04T18:48:59 update: updating Natlan/[SPOTIFY-DOWNLOADER.COM] Baba we Twasali.mp3
Note: Illegal Audio-MPEG-Header 0x00000000 at offset 158792.
Note: Trying to resync...
Note: Hit end of (available) data during resync.
2025-11-04T18:48:59 mpg123: mpg123_getformat() failed: Message: I am done with this track.
Note: Illegal Audio-MPEG-Header 0x00000000 at offset 158792.
Note: Trying to resync...
Note: Hit end of (available) data during resync.
2025-11-04T18:48:59 mpg123: mpg123_getformat() failed: Message: I am done with this track.
2025-11-04T18:48:59 ffmpeg/mp3: Format mp3 detected only with low score of 24, misdetection possible!
2025-11-04T18:48:59 ffmpeg/mp3: Failed to find two consecutive MPEG audio frames.
2025-11-04T18:48:59 update: updating Natlan/[SPOTIFY-DOWNLOADER.COM] Blazing Proclamation.mp3
2025-11-04T18:48:59 update: updating Natlan/[SPOTIFY-DOWNLOADER.COM] Dust of Dusklands.mp3
2025-11-04T18:48:59 update: updating Natlan/[SPOTIFY-DOWNLOADER.COM] Descendants of Ahkantenal.mp3
2025-11-04T18:48:59 update: updating Oppenheimer/Trinity.mp3
2025-11-04T18:48:59 update: updating Oppenheimer/Oppenheimer.mp3
2025-11-04T18:48:59 update: updating Oppenheimer/Can You Hear The Music.mp3
2025-11-04T18:48:59 update: updating Oppenheimer/Destroyer Of Worlds.mp3
2025-11-04T18:48:59 update: updating Oppenheimer/Groves.mp3
2025-11-04T18:48:59 update: updating Oppenheimer/Power Stays In The Shadows.mp3
2025-11-04T18:48:59 update: updating Oppenheimer/Ground Zero.mp3
2025-11-04T18:48:59 update: updating Oppenheimer/Atmospheric Ignition.mp3
2025-11-04T18:48:59 update: updating Oppenheimer/Something More Important.mp3
2025-11-04T18:48:59 update: updating Oppenheimer/A Lowly Shoe Salesman.mp3
2025-11-04T18:48:59 update: updating Oppenheimer/Dr. Hill.mp3
2025-11-04T18:48:59 update: updating Oppenheimer/Meeting Kitty.mp3
2025-11-04T18:48:59 update: updating Oppenheimer/What We Have Done.mp3
2025-11-04T18:48:59 update: updating Oppenheimer/American Prometheus.mp3
2025-11-04T18:48:59 update: updating Oppenheimer/Fusion.mp3
2025-11-04T18:48:59 update: updating Oppenheimer/Quantum Mechanics.mp3
2025-11-04T18:48:59 update: updating Oppenheimer/Los Alamos.mp3
2025-11-04T18:48:59 update: updating Oppenheimer/Fission.mp3
2025-11-04T18:48:59 update: updating Oppenheimer/Gravity Swallows Light.mp3
2025-11-04T18:48:59 update: updating Oppenheimer/Manhattan Project.mp3
2025-11-04T18:48:59 update: updating Oppenheimer/Kitty Comes To Testify.mp3
2025-11-04T18:48:59 update: updating Oppenheimer/The Trial.mp3
2025-11-04T18:48:59 update: updating Oppenheimer/Theorists.mp3
2025-11-04T18:48:59 update: updating Oppenheimer/Colonel Pash.mp3
2025-11-04T18:48:59 update: updating Undertale - Lossless Soundtrack (toby fox)/toby fox - UNDERTALE Soundtrack - 19 Dogbass.mp3
2025-11-04T18:48:59 update: updating Undertale - Lossless Soundtrack (toby fox)/toby fox - UNDERTALE Soundtrack - 49 It's Showtime!.mp3
2025-11-04T18:48:59 update: updating Undertale - Lossless Soundtrack (toby fox)/toby fox - UNDERTALE Soundtrack - 54 Hotel.mp3
2025-11-04T18:48:59 update: updating Undertale - Lossless Soundtrack (toby fox)/toby fox - UNDERTALE Soundtrack - 57 Live Report.mp3
2025-11-04T18:48:59 update: updating Undertale - Lossless Soundtrack (toby fox)/toby fox - UNDERTALE Soundtrack - 84 Amalgam.mp3
2025-11-04T18:48:59 update: updating Undertale - Lossless Soundtrack (toby fox)/toby fox - UNDERTALE Soundtrack - 40 Ghouliday.mp3
2025-11-04T18:48:59 update: updating Undertale - Lossless Soundtrack (toby fox)/toby fox - UNDERTALE Soundtrack - 88 Burn in Despair!.mp3
2025-11-04T18:48:59 update: updating Undertale - Lossless Soundtrack (toby fox)/toby fox - UNDERTALE Soundtrack - 99 Power of -NEO-.mp3
2025-11-04T18:48:59 update: updating Undertale - Lossless Soundtrack (toby fox)/toby fox - UNDERTALE Soundtrack - 17 Snowy.mp3
2025-11-04T18:48:59 update: updating Undertale - Lossless Soundtrack (toby fox)/toby fox - UNDERTALE Soundtrack - 66 Last Episode!.mp3
2025-11-04T18:48:59 update: updating Undertale - Lossless Soundtrack (toby fox)/toby fox - UNDERTALE Soundtrack - 18 Uwa!! So Holiday♫.mp3
2025-11-04T18:48:59 update: updating Undertale - Lossless Soundtrack (toby fox)/toby fox - UNDERTALE Soundtrack - 34 Memory.mp3
2025-11-04T18:48:59 update: updating Undertale - Lossless Soundtrack (toby fox)/toby fox - UNDERTALE Soundtrack - 81 An Ending.mp3
2025-11-04T18:48:59 update: updating Undertale - Lossless Soundtrack (toby fox)/toby fox - UNDERTALE Soundtrack - 11 Determination.mp3
2025-11-04T18:48:59 update: updating Undertale - Lossless Soundtrack (toby fox)/toby fox - UNDERTALE Soundtrack - 27 Dating Fight!.mp3
2025-11-04T18:48:59 update: updating Undertale - Lossless Soundtrack (toby fox)/toby fox - UNDERTALE Soundtrack - 52 Uwa!! So HEATS!!♫.mp3
2025-11-04T18:48:59 update: updating Undertale - Lossless Soundtrack (toby fox)/toby fox - UNDERTALE Soundtrack - 28 Premonition.mp3
2025-11-04T18:48:59 update: updating Undertale - Lossless Soundtrack (toby fox)/toby fox - UNDERTALE Soundtrack - 85 Fallen Down (Reprise).mp3
2025-11-04T18:48:59 update: updating Undertale - Lossless Soundtrack (toby fox)/toby fox - UNDERTALE Soundtrack - 24 Bonetrousle.mp3
2025-11-04T18:48:59 update: updating Undertale - Lossless Soundtrack (toby fox)/toby fox - UNDERTALE Soundtrack - 02 Start Menu.mp3
2025-11-04T18:48:59 update: updating Undertale - Lossless Soundtrack (toby fox)/toby fox - UNDERTALE Soundtrack - 72 Song That Might Play When You Fight Sans.mp3
2025-11-04T18:48:59 update: updating Undertale - Lossless Soundtrack (toby fox)/toby fox - UNDERTALE Soundtrack - 50 Metal Crusher.mp3
2025-11-04T18:48:59 update: updating Undertale - Lossless Soundtrack (toby fox)/toby fox - UNDERTALE Soundtrack - 22 Snowdin Town.mp3
2025-11-04T18:48:59 update: updating Undertale - Lossless Soundtrack (toby fox)/toby fox - UNDERTALE Soundtrack - 01 Once Upon a Time.mp3
2025-11-04T18:48:59 update: updating Undertale - Lossless Soundtrack (toby fox)/toby fox - UNDERTALE Soundtrack - 60 Wrong Enemy !-.mp3
2025-11-04T18:48:59 update: updating Undertale - Lossless Soundtrack (toby fox)/toby fox - UNDERTALE Soundtrack - 95 Bring It In, Guys!.mp3
2025-11-04T18:48:59 update: updating Undertale - Lossless Soundtrack (toby fox)/toby fox - UNDERTALE Soundtrack - 59 Spider Dance.mp3
2025-11-04T18:48:59 update: updating Undertale - Lossless Soundtrack (toby fox)/toby fox - UNDERTALE Soundtrack - 79 Your Best Nightmare.mp3
2025-11-04T18:48:59 update: updating Undertale - Lossless Soundtrack (toby fox)/toby fox - UNDERTALE Soundtrack - 37 Pathetic House.mp3
2025-11-04T18:48:59 update: updating Undertale - Lossless Soundtrack (toby fox)/toby fox - UNDERTALE Soundtrack - 46 Spear of Justice.mp3
2025-11-04T18:48:59 update: updating Undertale - Lossless Soundtrack (toby fox)/toby fox - UNDERTALE Soundtrack - 41 Chill.mp3
2025-11-04T18:48:59 update: updating Undertale - Lossless Soundtrack (toby fox)/toby fox - UNDERTALE Soundtrack - 39 Spookwave.mp3
2025-11-04T18:48:59 update: updating Undertale - Lossless Soundtrack (toby fox)/toby fox - UNDERTALE Soundtrack - 97 But the Earth Refused to Die.mp3
2025-11-04T18:48:59 update: updating Undertale - Lossless Soundtrack (toby fox)/toby fox - UNDERTALE Soundtrack - 96 Last Goodbye.mp3
2025-11-04T18:48:59 update: updating Undertale - Lossless Soundtrack (toby fox)/toby fox - UNDERTALE Soundtrack - 20 Mysterious Place.mp3
2025-11-04T18:48:59 update: updating Undertale - Lossless Soundtrack (toby fox)/toby fox - UNDERTALE Soundtrack - 94 Respite.mp3
2025-11-04T18:48:59 update: updating Undertale - Lossless Soundtrack (toby fox)/toby fox - UNDERTALE Soundtrack - 82 She's Playing Piano.mp3
2025-11-04T18:48:59 update: updating Undertale - Lossless Soundtrack (toby fox)/toby fox - UNDERTALE Soundtrack - 91 Final Power.mp3
2025-11-04T18:48:59 update: updating Undertale - Lossless Soundtrack (toby fox)/toby fox - UNDERTALE Soundtrack - 10 Ghost Fight.mp3
2025-11-04T18:48:59 update: updating Undertale - Lossless Soundtrack (toby fox)/toby fox - UNDERTALE Soundtrack - 05 Ruins.mp3
2025-11-04T18:48:59 update: updating Undertale - Lossless Soundtrack (toby fox)/toby fox - UNDERTALE Soundtrack - 07 Anticipation.mp3
2025-11-04T18:48:59 update: updating Undertale - Lossless Soundtrack (toby fox)/toby fox - UNDERTALE Soundtrack - 75 Barrier.mp3
2025-11-04T18:48:59 update: updating Undertale - Lossless Soundtrack (toby fox)/toby fox - UNDERTALE Soundtrack - 78 You Idiot.mp3
2025-11-04T18:48:59 update: updating Undertale - Lossless Soundtrack (toby fox)/toby fox - UNDERTALE Soundtrack - 53 Stronger Monsters.mp3
2025-11-04T18:48:59 update: updating Undertale - Lossless Soundtrack (toby fox)/toby fox - UNDERTALE Soundtrack - 12 Home.mp3
2025-11-04T18:48:59 update: updating Undertale - Lossless Soundtrack (toby fox)/toby fox - UNDERTALE Soundtrack - 35 Bird That Carries You Over A Disproportionately Small Gap.mp3
2025-11-04T18:48:59 update: updating Undertale - Lossless Soundtrack (toby fox)/toby fox - UNDERTALE Soundtrack - 06 Uwa!! So Temperate♫.mp3
2025-11-04T18:48:59 update: updating Undertale - Lossless Soundtrack (toby fox)/toby fox - UNDERTALE Soundtrack - 90 His Theme.mp3
2025-11-04T18:48:59 update: updating Undertale - Lossless Soundtrack (toby fox)/toby fox - UNDERTALE Soundtrack - 21 Dogsong.mp3
2025-11-04T18:48:59 update: updating Undertale - Lossless Soundtrack (toby fox)/toby fox - UNDERTALE Soundtrack - 43 Temmie Village.mp3
2025-11-04T18:48:59 update: updating Undertale - Lossless Soundtrack (toby fox)/toby fox - UNDERTALE Soundtrack - 101 Good Night.mp3
2025-11-04T18:48:59 update: updating Undertale - Lossless Soundtrack (toby fox)/toby fox - UNDERTALE Soundtrack - 16 Nyeh Heh Heh!.mp3
2025-11-04T18:48:59 update: updating Undertale - Lossless Soundtrack (toby fox)/toby fox - UNDERTALE Soundtrack - 45 NGAHHH!!.mp3
2025-11-04T18:48:59 update: updating Undertale - Lossless Soundtrack (toby fox)/toby fox - UNDERTALE Soundtrack - 63 It's Raining Somewhere Else.mp3
2025-11-04T18:48:59 update: updating Undertale - Lossless Soundtrack (toby fox)/toby fox - UNDERTALE Soundtrack - 80 Finale.mp3
2025-11-04T18:48:59 update: updating Undertale - Lossless Soundtrack (toby fox)/toby fox - UNDERTALE Soundtrack - 65 CORE.mp3
2025-11-04T18:48:59 update: updating Undertale - Lossless Soundtrack (toby fox)/toby fox - UNDERTALE Soundtrack - 55 Can You Really Call This A Hotel, I Didn't Receive A Mint On My Pillow Or Anything.mp3
2025-11-04T18:48:59 update: updating Undertale - Lossless Soundtrack (toby fox)/toby fox - UNDERTALE Soundtrack - 93 Menu (Full).mp3
2025-11-04T18:48:59 update: updating Undertale - Lossless Soundtrack (toby fox)/toby fox - UNDERTALE Soundtrack - 31 Waterfall.mp3
2025-11-04T18:48:59 update: updating Undertale - Lossless Soundtrack (toby fox)/toby fox - UNDERTALE Soundtrack - 67 Oh My....mp3
2025-11-04T18:48:59 update: updating Undertale - Lossless Soundtrack (toby fox)/toby fox - UNDERTALE Soundtrack - 58 Death Report.mp3
2025-11-04T18:48:59 update: updating Undertale - Lossless Soundtrack (toby fox)/toby fox - UNDERTALE Soundtrack - 73 The Choice.mp3
2025-11-04T18:48:59 update: updating Undertale - Lossless Soundtrack (toby fox)/toby fox - UNDERTALE Soundtrack - 51 Another Medium.mp3
2025-11-04T18:48:59 update: updating Undertale - Lossless Soundtrack (toby fox)/toby fox - UNDERTALE Soundtrack - 77 ASGORE.mp3
2025-11-04T18:48:59 update: updating Undertale - Lossless Soundtrack (toby fox)/toby fox - UNDERTALE Soundtrack - 87 Hopes and Dreams.mp3
2025-11-04T18:48:59 update: updating Undertale - Lossless Soundtrack (toby fox)/toby fox - UNDERTALE Soundtrack - 62 Oh! Dungeon.mp3
2025-11-04T18:48:59 update: updating Undertale - Lossless Soundtrack (toby fox)/toby fox - UNDERTALE Soundtrack - 86 Don't Give Up.mp3
2025-11-04T18:48:59 update: updating Undertale - Lossless Soundtrack (toby fox)/toby fox - UNDERTALE Soundtrack - 69 For the Fans.mp3
2025-11-04T18:48:59 update: updating Undertale - Lossless Soundtrack (toby fox)/toby fox - UNDERTALE Soundtrack - 26 Dating Tense!.mp3
2025-11-04T18:48:59 update: updating Undertale - Lossless Soundtrack (toby fox)/toby fox - UNDERTALE Soundtrack - 83 Here We Are.mp3
2025-11-04T18:48:59 update: updating Undertale - Lossless Soundtrack (toby fox)/toby fox - UNDERTALE Soundtrack - 64 CORE Approach.mp3
2025-11-04T18:48:59 update: updating Undertale - Lossless Soundtrack (toby fox)/toby fox - UNDERTALE Soundtrack - 42 Thundersnail.mp3
2025-11-04T18:48:59 update: updating Undertale - Lossless Soundtrack (toby fox)/toby fox - UNDERTALE Soundtrack - 92 Reunited.mp3
2025-11-04T18:48:59 update: updating Undertale - Lossless Soundtrack (toby fox)/toby fox - UNDERTALE Soundtrack - 56 Confession.mp3
2025-11-04T18:48:59 update: updating Undertale - Lossless Soundtrack (toby fox)/toby fox - UNDERTALE Soundtrack - 89 SAVE the World.mp3
2025-11-04T18:48:59 update: updating Undertale - Lossless Soundtrack (toby fox)/toby fox - UNDERTALE Soundtrack - 48 Alphys.mp3
2025-11-04T18:48:59 update: updating Undertale - Lossless Soundtrack (toby fox)/toby fox - UNDERTALE Soundtrack - 25 Dating Start!.mp3
2025-11-04T18:48:59 update: updating Undertale - Lossless Soundtrack (toby fox)/toby fox - UNDERTALE Soundtrack - 13 Home (Music Box).mp3
2025-11-04T18:48:59 update: updating Undertale - Lossless Soundtrack (toby fox)/toby fox - UNDERTALE Soundtrack - 47 Ooo.mp3
2025-11-04T18:48:59 update: updating Undertale - Lossless Soundtrack (toby fox)/toby fox - UNDERTALE Soundtrack - 15 sans..mp3
2025-11-04T18:48:59 update: updating Undertale - Lossless Soundtrack (toby fox)/toby fox - UNDERTALE Soundtrack - 30 Undyne.mp3
2025-11-04T18:48:59 update: updating Undertale - Lossless Soundtrack (toby fox)/toby fox - UNDERTALE Soundtrack - 38 Spooktune.mp3
2025-11-04T18:48:59 update: updating Undertale - Lossless Soundtrack (toby fox)/toby fox - UNDERTALE Soundtrack - 76 Bergentrückung.mp3
2025-11-04T18:48:59 update: updating Undertale - Lossless Soundtrack (toby fox)/toby fox - UNDERTALE Soundtrack - 09 Enemy Approaching.mp3
2025-11-04T18:48:59 update: updating Undertale - Lossless Soundtrack (toby fox)/toby fox - UNDERTALE Soundtrack - 03 Your Best Friend.mp3
2025-11-04T18:48:59 update: updating Undertale - Lossless Soundtrack (toby fox)/toby fox - UNDERTALE Soundtrack - 14 Heartache.mp3
2025-11-04T18:48:59 update: updating Undertale - Lossless Soundtrack (toby fox)/toby fox - UNDERTALE Soundtrack - 29 Danger Mystery.mp3
2025-11-04T18:48:59 update: updating Undertale - Lossless Soundtrack (toby fox)/toby fox - UNDERTALE Soundtrack - 44 Tem Shop.mp3
2025-11-04T18:48:59 update: updating Undertale - Lossless Soundtrack (toby fox)/toby fox - UNDERTALE Soundtrack - 36 Dummy!.mp3
2025-11-04T18:48:59 update: updating Undertale - Lossless Soundtrack (toby fox)/toby fox - UNDERTALE Soundtrack - 70 Long Elevator.mp3
2025-11-04T18:48:59 update: updating Undertale - Lossless Soundtrack (toby fox)/toby fox - UNDERTALE Soundtrack - 68 Death by Glamour.mp3
2025-11-04T18:48:59 update: updating Undertale - Lossless Soundtrack (toby fox)/toby fox - UNDERTALE Soundtrack - 71 Undertale.mp3
2025-11-04T18:48:59 update: updating Undertale - Lossless Soundtrack (toby fox)/toby fox - UNDERTALE Soundtrack - 04 Fallen Down.mp3
2025-11-04T18:48:59 update: updating Undertale - Lossless Soundtrack (toby fox)/toby fox - UNDERTALE Soundtrack - 74 Small Shock.mp3
2025-11-04T18:48:59 update: updating Undertale - Lossless Soundtrack (toby fox)/toby fox - UNDERTALE Soundtrack - 98 Battle Against a True Hero.mp3
2025-11-04T18:48:59 update: updating Undertale - Lossless Soundtrack (toby fox)/toby fox - UNDERTALE Soundtrack - 100 MEGALOVANIA.mp3
2025-11-04T18:48:59 update: updating Undertale - Lossless Soundtrack (toby fox)/toby fox - UNDERTALE Soundtrack - 61 Oh! One True Love.mp3
2025-11-04T18:48:59 update: updating Undertale - Lossless Soundtrack (toby fox)/toby fox - UNDERTALE Soundtrack - 33 Quiet Water.mp3
2025-11-04T18:48:59 update: updating Undertale - Lossless Soundtrack (toby fox)/toby fox - UNDERTALE Soundtrack - 32 Run!.mp3
2025-11-04T18:48:59 update: updating Undertale - Lossless Soundtrack (toby fox)/toby fox - UNDERTALE Soundtrack - 08 Unnecessary Tension.mp3
2025-11-04T18:48:59 update: updating Undertale - Lossless Soundtrack (toby fox)/toby fox - UNDERTALE Soundtrack - 23 Shop.mp3
2025-11-04T18:50:21 player: played "Math Rock/Astray Life_SpotiDost.mp3"
2025-11-04T18:55:14 player: played "Math Rock/Quiet_SpotiDost.mp3"
2025-11-04T20:27:57 player: played "Math Rock/Imprimatura_SpotiDost.mp3"
2025-11-05T10:38:31 player: played "Math Rock/Quiet_SpotiDost.mp3"
2025-11-05T10:44:18 player: played "Math Rock/shibuya (feat. San Holo)_SpotiDost.mp3"
2025-11-05T10:48:18 player: played "Math Rock/大象體操ElephantGym _ 女巫 Witches【Official Music Video】-NEW ALBUM「夢境 Dreams」(5 11 Release)-_SpotiDost.mp3"
2025-11-05T10:50:28 player: played "Math Rock/Astray Life_SpotiDost.mp3"
2025-11-05T10:54:27 player: played "Math Rock/大象體操ElephantGym _ 女巫 Witches【Official Music Video】-NEW ALBUM「夢境 Dreams」(5 11 Release)-_SpotiDost.mp3"
2025-11-05T10:57:59 player: played "Math Rock/Chevalier Bulltoe_SpotiDost.mp3"
2025-11-05T11:02:25 player: played "Math Rock/Open Closed Open_SpotiDost.mp3"
2025-11-05T11:07:53 player: played "Math Rock/Elm_SpotiDost.mp3"
2025-11-05T11:27:37 player: played "Math Rock/Imprimatura_SpotiDost.mp3"
2025-11-05T14:25:47 player: played "Math Rock/Imprimatura_SpotiDost.mp3"
2025-11-05T14:29:56 player: played "Math Rock/Deep Inside_SpotiDost.mp3"
2025-11-05T14:34:50 player: played "Math Rock/Quiet_SpotiDost.mp3"
2025-11-05T14:35:50 player: played "Math Rock/Astray Life_SpotiDost.mp3"
2025-11-05T14:39:49 player: played "Math Rock/大象體操ElephantGym _ 女巫 Witches【Official Music Video】-NEW ALBUM「夢境 Dreams」(5 11 Release)-_SpotiDost.mp3"
2025-11-05T14:43:21 player: played "Math Rock/Chevalier Bulltoe_SpotiDost.mp3"
2025-11-05T14:46:50 player: played "Math Rock/Objets de Vertu_SpotiDost.mp3"
2025-11-05T14:51:25 player: played "Math Rock/In the Absence of Strong Evidence to the Contrary, One May Step Out of the Way of the Charging Bull_SpotiDost.mp3"
2025-11-05T14:57:11 player: played "Math Rock/shibuya (feat. San Holo)_SpotiDost.mp3"
2025-11-05T15:01:37 player: played "Math Rock/Open Closed Open_SpotiDost.mp3"
2025-11-05T15:07:06 player: played "Math Rock/Elm_SpotiDost.mp3"
2025-11-05T15:56:34 player: played "Math Rock/大象體操ElephantGym _ 女巫 Witches【Official Music Video】-NEW ALBUM「夢境 Dreams」(5 11 Release)-_SpotiDost.mp3"
2025-11-05T16:00:03 player: played "Math Rock/Objets de Vertu_SpotiDost.mp3"
2025-11-05T16:04:30 player: played "Math Rock/Open Closed Open_SpotiDost.mp3"
2025-11-05T16:05:12 player: played "Math Rock/Imprimatura_SpotiDost.mp3"
2025-11-05T16:09:42 player: played "Oppenheimer/A Lowly Shoe Salesman.mp3"
2025-11-05T16:12:19 player: played "Oppenheimer/American Prometheus.mp3"
2025-11-05T16:15:48 player: played "Oppenheimer/Atmospheric Ignition.mp3"
2025-11-05T16:17:39 player: played "Oppenheimer/Can You Hear The Music.mp3"
2025-11-05T16:22:36 player: played "Oppenheimer/Colonel Pash.mp3"
2025-11-05T16:25:31 player: played "Oppenheimer/Destroyer Of Worlds.mp3"
2025-11-05T21:40:05 player: played "Oppenheimer/Dr. Hill.mp3"
2025-11-06T05:22:46 player: played "Oppenheimer/Dr. Hill.mp3"
2025-11-06T07:07:11 player: played "Oppenheimer/Dr. Hill.mp3"
2025-11-06T07:11:50 player: played "Oppenheimer/Fission.mp3"
2025-11-06T07:15:45 player: played "Oppenheimer/Fusion.mp3"
2025-11-06T07:19:16 player: played "Oppenheimer/Gravity Swallows Light.mp3"
2025-11-06T07:23:37 player: played "Oppenheimer/Ground Zero.mp3"
2025-11-06T07:26:41 player: played "Oppenheimer/Groves.mp3"
2025-11-06T07:31:34 player: played "Oppenheimer/Kitty Comes To Testify.mp3"
2025-11-06T07:34:12 player: played "Oppenheimer/Los Alamos.mp3"
2025-11-06T07:37:13 player: played "Oppenheimer/Manhattan Project.mp3"
2025-11-06T07:43:01 player: played "Oppenheimer/Meeting Kitty.mp3"
2025-11-06T07:45:17 player: played "Oppenheimer/Oppenheimer.mp3"
2025-11-06T07:49:28 player: played "Oppenheimer/Power Stays In The Shadows.mp3"
2025-11-06T07:52:28 player: played "Oppenheimer/Quantum Mechanics.mp3"
2025-11-06T09:24:26 player: played "Oppenheimer/Something More Important.mp3"
2025-11-06T11:33:03 player: played "Oppenheimer/Something More Important.mp3"
2025-11-06T11:34:04 player: played "leave the lights.mp3"
2025-11-06T11:34:58 player: played "leave the lights.mp3"
2025-11-06T11:35:52 player: played "leave the lights.mp3"
2025-11-06T11:36:46 player: played "leave the lights.mp3"
2025-11-06T11:37:40 player: played "leave the lights.mp3"
2025-11-06T11:46:11 player: played "leave the lights.mp3"
2025-11-06T11:47:05 player: played "leave the lights.mp3"
2025-11-06T11:47:59 player: played "leave the lights.mp3"
2025-11-06T11:48:54 player: played "leave the lights.mp3"
2025-11-06T11:49:48 player: played "leave the lights.mp3"
2025-11-06T11:50:42 player: played "leave the lights.mp3"
2025-11-06T11:51:36 player: played "leave the lights.mp3"
2025-11-06T11:52:30 player: played "leave the lights.mp3"
2025-11-06T11:53:24 player: played "leave the lights.mp3"
2025-11-06T11:58:49 player: played "leave the lights.mp3"
2025-11-07T08:49:38 player: played "leave the lights.mp3"
2025-11-07T10:57:19 player: played "leave the lights.mp3"
2025-11-07T16:09:05 player: played "leave the lights.mp3"
2025-11-07T16:11:08 player: played "Math Rock/Astray Life_SpotiDost.mp3"
2025-11-07T16:14:40 player: played "Math Rock/Chevalier Bulltoe_SpotiDost.mp3"
2025-11-07T16:32:05 player: played "Math Rock/Elm_SpotiDost.mp3"
2025-11-07T16:36:40 player: played "Math Rock/Imprimatura_SpotiDost.mp3"
2025-11-07T16:41:16 player: played "Math Rock/In the Absence of Strong Evidence to the Contrary, One May Step Out of the Way of the Charging Bull_SpotiDost.mp3"
2025-11-07T16:44:45 player: played "Math Rock/Objets de Vertu_SpotiDost.mp3"
2025-11-07T16:47:50 player: played "Math Rock/Open Closed Open_SpotiDost.mp3"
2025-11-08T08:27:23 player: played "plastic beach-gorillaz/01 Orchestral Intro (feat. Sinfonia Viva).mp3"
2025-11-08T08:30:59 player: played "plastic beach-gorillaz/02 Welcome to the World of the Plastic Beach (feat. Snoop Dogg & Hypnotic Brass Ensemble).mp3"
2025-11-08T08:34:42 player: played "plastic beach-gorillaz/03 White Flag (feat. Bashy, Kano & the National Orchestra for Arabic Music).mp3"
2025-11-08T08:38:02 player: played "plastic beach-gorillaz/04 Rhinestone Eyes.mp3"
2025-11-08T08:42:33 player: played "plastic beach-gorillaz/05 Stylo (feat. Mos Def & Bobby Womack).mp3"
2025-11-08T08:45:28 player: played "plastic beach-gorillaz/06 Superfast Jellyfish (feat. Gruff Rhys & De La Soul).mp3"
2025-11-08T08:50:11 player: played "plastic beach-gorillaz/07 Empire Ants (feat. Little Dragon).mp3"
2025-11-08T08:54:14 player: played "plastic beach-gorillaz/08 Glitter Freeze (feat. Mark E Smith).mp3"
2025-11-08T08:57:14 player: played "plastic beach-gorillaz/09 Some Kind of Nature (feat. Lou Reed).mp3"
2025-11-08T09:01:08 player: played "plastic beach-gorillaz/10 On Melancholy Hill.mp3"
2025-11-08T09:04:25 player: played "plastic beach-gorillaz/11 Broken.mp3"
2025-11-08T09:09:46 player: played "plastic beach-gorillaz/12 Sweepstakes (feat. Mos Def & Hypnotic Brass Ensemble).mp3"
2025-11-08T09:13:33 player: played "plastic beach-gorillaz/13 Plastic Beach (feat. Mick Jones & Paul Simonon).mp3"
2025-11-08T09:17:28 player: played "plastic beach-gorillaz/14 To Binge (feat. Little Dragon).mp3"
2025-11-08T09:20:35 player: played "plastic beach-gorillaz/15 Cloud of Unknowing (feat. Bobby Womack & Sinfonia Viva).mp3"
2025-11-08T09:23:08 player: played "plastic beach-gorillaz/16 Pirate Jet.mp3"
2025-11-08T09:27:11 player: played "plastic beach-gorillaz/17 Pirate's Progress.mp3"
2025-11-08T09:28:20 player: played "plastic beach-gorillaz/01 Orchestral Intro (feat. Sinfonia Viva).mp3"
2025-11-08T09:31:56 player: played "plastic beach-gorillaz/02 Welcome to the World of the Plastic Beach (feat. Snoop Dogg & Hypnotic Brass Ensemble).mp3"
2025-11-08T09:35:39 player: played "plastic beach-gorillaz/03 White Flag (feat. Bashy, Kano & the National Orchestra for Arabic Music).mp3"
2025-11-08T09:38:59 player: played "plastic beach-gorillaz/04 Rhinestone Eyes.mp3"
2025-11-08T09:43:30 player: played "plastic beach-gorillaz/05 Stylo (feat. Mos Def & Bobby Womack).mp3"
2025-11-08T09:46:25 player: played "plastic beach-gorillaz/06 Superfast Jellyfish (feat. Gruff Rhys & De La Soul).mp3"
2025-11-08T09:51:08 player: played "plastic beach-gorillaz/07 Empire Ants (feat. Little Dragon).mp3"
2025-11-08T09:55:12 player: played "plastic beach-gorillaz/08 Glitter Freeze (feat. Mark E Smith).mp3"
2025-11-08T09:58:11 player: played "plastic beach-gorillaz/09 Some Kind of Nature (feat. Lou Reed).mp3"
2025-11-08T10:02:05 player: played "plastic beach-gorillaz/10 On Melancholy Hill.mp3"
2025-11-08T10:05:22 player: played "plastic beach-gorillaz/11 Broken.mp3"
2025-11-08T10:10:42 player: played "plastic beach-gorillaz/12 Sweepstakes (feat. Mos Def & Hypnotic Brass Ensemble).mp3"
2025-11-08T10:14:30 player: played "plastic beach-gorillaz/13 Plastic Beach (feat. Mick Jones & Paul Simonon).mp3"
2025-11-08T10:18:26 player: played "plastic beach-gorillaz/14 To Binge (feat. Little Dragon).mp3"
2025-11-08T10:21:31 player: played "plastic beach-gorillaz/15 Cloud of Unknowing (feat. Bobby Womack & Sinfonia Viva).mp3"
2025-11-08T10:24:05 player: played "plastic beach-gorillaz/16 Pirate Jet.mp3"
2025-11-08T16:31:24 player: played "plastic beach-gorillaz/17 Pirate's Progress.mp3"
2025-11-08T22:34:10 player: played "plastic beach-gorillaz/17 Pirate's Progress.mp3"
2025-11-09T05:07:38 player: played "plastic beach-gorillaz/01 Orchestral Intro (feat. Sinfonia Viva).mp3"
2025-11-09T05:11:13 player: played "plastic beach-gorillaz/02 Welcome to the World of the Plastic Beach (feat. Snoop Dogg & Hypnotic Brass Ensemble).mp3"
2025-11-09T05:26:30 player: played "plastic beach-gorillaz/03 White Flag (feat. Bashy, Kano & the National Orchestra for Arabic Music).mp3"
2025-11-09T05:29:50 player: played "plastic beach-gorillaz/04 Rhinestone Eyes.mp3"
2025-11-09T05:34:20 player: played "plastic beach-gorillaz/05 Stylo (feat. Mos Def & Bobby Womack).mp3"
2025-11-09T05:37:15 player: played "plastic beach-gorillaz/06 Superfast Jellyfish (feat. Gruff Rhys & De La Soul).mp3"
2025-11-09T05:41:59 player: played "plastic beach-gorillaz/07 Empire Ants (feat. Little Dragon).mp3"
2025-11-09T05:46:02 player: played "plastic beach-gorillaz/08 Glitter Freeze (feat. Mark E Smith).mp3"
2025-11-09T05:49:02 player: played "plastic beach-gorillaz/09 Some Kind of Nature (feat. Lou Reed).mp3"
2025-11-09T05:52:56 player: played "plastic beach-gorillaz/10 On Melancholy Hill.mp3"
2025-11-09T05:56:13 player: played "plastic beach-gorillaz/11 Broken.mp3"
2025-11-09T13:19:52 player: played "plastic beach-gorillaz/12 Sweepstakes (feat. Mos Def & Hypnotic Brass Ensemble).mp3"
2025-11-09T13:23:40 player: played "plastic beach-gorillaz/13 Plastic Beach (feat. Mick Jones & Paul Simonon).mp3"
2025-11-09T13:27:35 player: played "plastic beach-gorillaz/14 To Binge (feat. Little Dragon).mp3"
2025-11-09T13:30:41 player: played "plastic beach-gorillaz/15 Cloud of Unknowing (feat. Bobby Womack & Sinfonia Viva).mp3"
2025-11-09T13:33:15 player: played "plastic beach-gorillaz/16 Pirate Jet.mp3"
2025-11-09T13:37:17 player: played "plastic beach-gorillaz/17 Pirate's Progress.mp3"
2025-11-09T13:38:27 player: played "plastic beach-gorillaz/01 Orchestral Intro (feat. Sinfonia Viva).mp3"
2025-11-09T13:42:02 player: played "plastic beach-gorillaz/02 Welcome to the World of the Plastic Beach (feat. Snoop Dogg & Hypnotic Brass Ensemble).mp3"
2025-11-09T13:45:46 player: played "plastic beach-gorillaz/03 White Flag (feat. Bashy, Kano & the National Orchestra for Arabic Music).mp3"
2025-11-09T13:49:06 player: played "plastic beach-gorillaz/04 Rhinestone Eyes.mp3"
2025-11-09T13:53:36 player: played "plastic beach-gorillaz/05 Stylo (feat. Mos Def & Bobby Womack).mp3"
2025-11-09T13:56:31 player: played "plastic beach-gorillaz/06 Superfast Jellyfish (feat. Gruff Rhys & De La Soul).mp3"
2025-11-09T14:01:15 player: played "plastic beach-gorillaz/07 Empire Ants (feat. Little Dragon).mp3"
2025-11-09T14:05:18 player: played "plastic beach-gorillaz/08 Glitter Freeze (feat. Mark E Smith).mp3"
2025-11-09T14:08:18 player: played "plastic beach-gorillaz/09 Some Kind of Nature (feat. Lou Reed).mp3"
2025-11-09T14:12:12 player: played "plastic beach-gorillaz/10 On Melancholy Hill.mp3"
2025-11-09T14:15:29 player: played "plastic beach-gorillaz/11 Broken.mp3"
2025-11-09T14:20:49 player: played "plastic beach-gorillaz/12 Sweepstakes (feat. Mos Def & Hypnotic Brass Ensemble).mp3"
2025-11-09T14:24:36 player: played "plastic beach-gorillaz/13 Plastic Beach (feat. Mick Jones & Paul Simonon).mp3"
2025-11-09T14:28:32 player: played "plastic beach-gorillaz/14 To Binge (feat. Little Dragon).mp3"
2025-11-09T14:31:39 player: played "plastic beach-gorillaz/15 Cloud of Unknowing (feat. Bobby Womack & Sinfonia Viva).mp3"
2025-11-09T14:34:13 player: played "plastic beach-gorillaz/16 Pirate Jet.mp3"
2025-11-09T14:34:33 player: played "plastic beach-gorillaz/17 Pirate's Progress.mp3"
2025-11-09T14:35:35 player: played "leave the lights.mp3"
2025-11-09T14:36:29 player: played "leave the lights.mp3"
2025-11-09T14:37:23 player: played "leave the lights.mp3"
2025-11-09T14:38:17 player: played "leave the lights.mp3"
2025-11-09T18:45:31 player: played "leave the lights.mp3"
2025-11-09T18:46:00 player: played "leave the lights.mp3"
2025-11-11T08:29:18 player: played "Math Rock/Astray Life_SpotiDost.mp3"
2025-11-11T08:32:49 player: played "Math Rock/Chevalier Bulltoe_SpotiDost.mp3"
2025-11-11T08:36:59 player: played "Math Rock/Deep Inside_SpotiDost.mp3"
2025-11-11T08:42:27 player: played "Math Rock/Elm_SpotiDost.mp3"
2025-11-11T08:47:02 player: played "Math Rock/Imprimatura_SpotiDost.mp3"
2025-11-11T08:51:37 player: played "Math Rock/In the Absence of Strong Evidence to the Contrary, One May Step Out of the Way of the Charging Bull_SpotiDost.mp3"
2025-11-11T08:55:06 player: played "Math Rock/Objets de Vertu_SpotiDost.mp3"
2025-11-11T08:59:33 player: played "Math Rock/Open Closed Open_SpotiDost.mp3"
2025-11-11T09:04:26 player: played "Math Rock/Quiet_SpotiDost.mp3"
2025-11-11T09:10:11 player: played "Math Rock/shibuya (feat. San Holo)_SpotiDost.mp3"
2025-11-11T09:14:11 player: played "Math Rock/大象體操ElephantGym _ 女巫 Witches【Official Music Video】-NEW ALBUM「夢境 Dreams」(5 11 Release)-_SpotiDost.mp3"
2025-11-11T09:15:11 player: played "Math Rock/Astray Life_SpotiDost.mp3"
2025-11-11T09:18:43 player: played "Math Rock/Chevalier Bulltoe_SpotiDost.mp3"
2025-11-11T09:22:52 player: played "Math Rock/Deep Inside_SpotiDost.mp3"
2025-11-11T09:28:20 player: played "Math Rock/Elm_SpotiDost.mp3"
2025-11-11T17:20:01 player: played "Math Rock/Imprimatura_SpotiDost.mp3"
2025-11-11T17:24:36 player: played "Math Rock/In the Absence of Strong Evidence to the Contrary, One May Step Out of the Way of the Charging Bull_SpotiDost.mp3"
2025-11-11T17:28:05 player: played "Math Rock/Objets de Vertu_SpotiDost.mp3"
2025-11-11T17:32:32 player: played "Math Rock/Open Closed Open_SpotiDost.mp3"
2025-11-11T17:33:00 player: played "Math Rock/Quiet_SpotiDost.mp3"
2025-11-13T09:33:22 player: played "Guns n Roses - Appetite For Destruction/01 Welcome To The Jungle.mp3"
2025-11-13T09:35:10 player: played "Guns n Roses - Appetite For Destruction/02 It's So Easy.mp3"
2025-11-24T22:14:43 player: played "Oppenheimer/Power Stays In The Shadows.mp3"
2025-11-24T22:17:37 player: played "Oppenheimer/Destroyer Of Worlds.mp3"
2025-11-24T22:20:37 player: played "Oppenheimer/Quantum Mechanics.mp3"
2025-11-24T22:24:06 player: played "Oppenheimer/Atmospheric Ignition.mp3"
2025-11-24T22:25:57 player: played "Oppenheimer/Can You Hear The Music.mp3"
2025-11-24T22:30:54 player: played "Oppenheimer/Colonel Pash.mp3"
2025-11-24T22:33:31 player: played "Oppenheimer/American Prometheus.mp3"
2025-11-24T22:37:02 player: played "Oppenheimer/Gravity Swallows Light.mp3"
2025-11-24T22:40:03 player: played "Oppenheimer/Manhattan Project.mp3"
2025-11-24T22:44:41 player: played "Oppenheimer/Fission.mp3"
2025-11-24T22:49:34 player: played "Oppenheimer/Kitty Comes To Testify.mp3"
2025-11-24T22:53:56 player: played "Oppenheimer/Ground Zero.mp3"
2025-11-24T22:57:52 player: played "Oppenheimer/Trinity.mp3"
2025-11-25T10:41:19 player: played "Oppenheimer/Trinity.mp3"
2025-11-25T14:46:34 player: played "Oppenheimer/Trinity.mp3"
2025-11-25T22:18:10 player: played "Oppenheimer/Trinity.mp3"
2025-11-26T10:57:47 player: played "Oppenheimer/Trinity.mp3"
2025-11-26T16:00:03 player: played "Oppenheimer/Trinity.mp3"
2025-11-27T06:29:26 player: played "Oppenheimer/Trinity.mp3"
2025-11-27T11:58:43 player: played "Oppenheimer/Trinity.mp3"
2025-11-28T08:00:49 player: played "Oppenheimer/Trinity.mp3"
2025-11-28T08:19:00 exception: No such directory
2025-11-28T08:19:07 exception: No such directory
2025-11-28T08:20:36 update: added Minecraft/Minecraft Volume Beta/15. Ballad of the Cats.mp3
2025-11-28T08:20:36 update: added Minecraft/Minecraft Volume Beta/26. Ward.mp3
2025-11-28T08:20:36 update: added Minecraft/Minecraft Volume Beta/23 Stal.mp3
2025-11-28T08:20:36 update: added Minecraft/Minecraft Volume Beta/03. Dead Voxel.mp3
2025-11-28T08:20:36 update: added Minecraft/Minecraft Volume Beta/30. Intro.mp3
2025-11-28T08:20:36 update: added Minecraft/Minecraft Volume Beta/18. Dreiton.mp3
2025-11-28T08:20:36 update: added Minecraft/Minecraft Volume Beta/24. Strad.mp3
2025-11-28T08:20:36 update: added Minecraft/Minecraft Volume Beta/01. Ki.mp3
2025-11-28T08:20:36 update: added Minecraft/Minecraft Volume Beta/12. Floating Trees.mp3
2025-11-28T08:20:36 update: added Minecraft/Minecraft Volume Beta/13. Aria Math.mp3
2025-11-28T08:20:36 update: added Minecraft/Minecraft Volume Beta/27. Mall.mp3
2025-11-28T08:20:36 update: added Minecraft/Minecraft Volume Beta/25. Eleven.mp3
2025-11-28T08:20:36 update: added Minecraft/Minecraft Volume Beta/17. Beginning 2.mp3
2025-11-28T08:20:36 update: added Minecraft/Minecraft Volume Beta/19. The End.mp3
2025-11-28T08:20:36 update: added Minecraft/Minecraft Volume Beta/05. Flake.mp3
2025-11-28T08:20:36 update: added Minecraft/Minecraft Volume Beta/11. Warmth.mp3
2025-11-28T08:20:36 update: added Minecraft/Minecraft Volume Beta/22. Mellohi.mp3
2025-11-28T08:20:36 update: added Minecraft/Minecraft Volume Beta/02. Alpha.mp3
2025-11-28T08:20:36 update: added Minecraft/Minecraft Volume Beta/14. Kyoto.mp3
2025-11-28T08:20:36 update: added Minecraft/Minecraft Volume Beta/28. Blocks.mp3
2025-11-28T08:20:36 update: added Minecraft/Minecraft Volume Beta/08. Biome Fest.mp3
2025-11-28T08:20:36 update: added Minecraft/Minecraft Volume Beta/06. Moog City 2.mp3
2025-11-28T08:20:36 update: added Minecraft/Minecraft Volume Beta/04. Blind Spots.mp3
2025-11-28T08:20:36 update: added Minecraft/Minecraft Volume Beta/29. Far.mp3
2025-11-28T08:20:36 update: added Minecraft/Minecraft Volume Beta/16. Taswell.mp3
2025-11-28T08:20:36 update: added Minecraft/Minecraft Volume Beta/09. Mutation.mp3
2025-11-28T08:20:36 update: added Minecraft/Minecraft Volume Beta/20. Chirp.mp3
2025-11-28T08:20:36 update: added Minecraft/Minecraft Volume Beta/07. Concrete Halls.mp3
2025-11-28T08:20:36 update: added Minecraft/Minecraft Volume Beta/10. Haunt Muskie.mp3
2025-11-28T08:20:36 update: added Minecraft/Minecraft Volume Beta/21. Wait.mp3
2025-11-28T08:20:36 update: added Minecraft/Minecraft Volume Alpha/23 - Droopy Likes Ricochet.mp3
2025-11-28T08:20:36 update: added Minecraft/Minecraft Volume Alpha/04 - Death.mp3
2025-11-28T08:20:36 update: added Minecraft/Minecraft Volume Alpha/18 - Sweden.mp3
2025-11-28T08:20:36 update: added Minecraft/Minecraft Volume Alpha/24 - Droopy Likes Your Face.mp3
2025-11-28T08:20:36 update: added Minecraft/Minecraft Volume Alpha/14 - Clark.mp3
2025-11-28T08:20:36 update: added Minecraft/Minecraft Volume Alpha/17 - Excuse.mp3
2025-11-28T08:20:36 update: added Minecraft/Minecraft Volume Alpha/22 - Beginning.mp3
2025-11-28T08:20:36 update: added Minecraft/Minecraft Volume Alpha/19 - Cat.mp3
2025-11-28T08:20:36 update: added Minecraft/Minecraft Volume Alpha/08 - Minecraft.mp3
2025-11-28T08:20:36 update: added Minecraft/Minecraft Volume Alpha/05 - Living Mice.mp3
2025-11-28T08:20:36 update: added Minecraft/Minecraft Volume Alpha/13 - Wet Hands.mp3
2025-11-28T08:20:36 update: added Minecraft/Minecraft Volume Alpha/16 - Thirteen.mp3
2025-11-28T08:20:36 update: added Minecraft/Minecraft Volume Alpha/09 - Oxygène.mp3
2025-11-28T08:20:36 update: added Minecraft/Minecraft Volume Alpha/03 - Subwoofer Lullaby.mp3
2025-11-28T08:20:36 update: added Minecraft/Minecraft Volume Alpha/10 - Équinoxe.mp3
2025-11-28T08:20:36 update: added Minecraft/Minecraft Volume Alpha/20 - Dog.mp3
2025-11-28T08:20:36 update: added Minecraft/Minecraft Volume Alpha/02 - Door.mp3
2025-11-28T08:20:36 update: added Minecraft/Minecraft Volume Alpha/07 - Haggstrom.mp3
2025-11-28T08:20:36 update: added Minecraft/Minecraft Volume Alpha/01 - Key.mp3
2025-11-28T08:20:36 update: added Minecraft/Minecraft Volume Alpha/11 - Mice on Venus.mp3
2025-11-28T08:20:36 update: added Minecraft/Minecraft Volume Alpha/06 - Moog City.mp3
2025-11-28T08:20:36 update: added Minecraft/Minecraft Volume Alpha/21 - Danny.mp3
2025-11-28T08:20:36 update: added Minecraft/Minecraft Volume Alpha/12 - Dry Hands.mp3
2025-11-28T08:20:36 update: added Minecraft/Minecraft Volume Alpha/15 - Chris.mp3
Note: Illegal Audio-MPEG-Header 0x00000000 at offset 148749.
Note: Trying to resync...
Note: Hit end of (available) data during resync.
2025-11-28T08:20:36 mpg123: mpg123_getformat() failed: Message: I am done with this track.
Note: Illegal Audio-MPEG-Header 0x00000000 at offset 148749.
Note: Trying to resync...
Note: Hit end of (available) data during resync.
2025-11-28T08:20:36 mpg123: mpg123_getformat() failed: Message: I am done with this track.
2025-11-28T08:20:36 ffmpeg/h263: Format h263 detected only with low score of 24, misdetection possible!
2025-11-28T08:20:36 ffmpeg/h263: Bad picture start code
2025-11-28T08:20:36 ffmpeg/h263: header damaged
2025-11-28T08:20:36 ffmpeg/h263: Could not find codec parameters for stream 0 (Video: h263, none): unspecified size
Consider increasing the value for the 'analyzeduration' (0) and 'probesize' (5000000) options
Note: Illegal Audio-MPEG-Header 0x00000000 at offset 158791.
Note: Trying to resync...
Note: Hit end of (available) data during resync.
2025-11-28T08:20:36 mpg123: mpg123_getformat() failed: Message: I am done with this track.
Note: Illegal Audio-MPEG-Header 0x00000000 at offset 158791.
Note: Trying to resync...
Note: Hit end of (available) data during resync.
2025-11-28T08:20:36 mpg123: mpg123_getformat() failed: Message: I am done with this track.
2025-11-28T08:20:36 ffmpeg/mp3: Format mp3 detected only with low score of 24, misdetection possible!
2025-11-28T08:20:36 ffmpeg/mp3: Failed to find two consecutive MPEG audio frames.
Note: Illegal Audio-MPEG-Header 0x00000000 at offset 159432.
Note: Trying to resync...
Note: Hit end of (available) data during resync.
2025-11-28T08:20:36 mpg123: mpg123_getformat() failed: Message: I am done with this track.
Note: Illegal Audio-MPEG-Header 0x00000000 at offset 159432.
Note: Trying to resync...
Note: Hit end of (available) data during resync.
2025-11-28T08:20:36 mpg123: mpg123_getformat() failed: Message: I am done with this track.
2025-11-28T08:20:36 ffmpeg/mp3: Format mp3 detected only with low score of 24, misdetection possible!
2025-11-28T08:20:36 ffmpeg/mp3: Failed to find two consecutive MPEG audio frames.
Note: Illegal Audio-MPEG-Header 0x00000000 at offset 158792.
Note: Trying to resync...
Note: Hit end of (available) data during resync.
2025-11-28T08:20:36 mpg123: mpg123_getformat() failed: Message: I am done with this track.
Note: Illegal Audio-MPEG-Header 0x00000000 at offset 158792.
Note: Trying to resync...
Note: Hit end of (available) data during resync.
2025-11-28T08:20:36 mpg123: mpg123_getformat() failed: Message: I am done with this track.
2025-11-28T08:20:36 ffmpeg/mp3: Format mp3 detected only with low score of 24, misdetection possible!
2025-11-28T08:20:36 ffmpeg/mp3: Failed to find two consecutive MPEG audio frames.
2025-11-28T08:45:23 player: played "Minecraft/Minecraft Volume Alpha/03 - Subwoofer Lullaby.mp3"
2025-11-28T08:48:03 player: played "Minecraft/Minecraft Volume Alpha/06 - Moog City.mp3"
2025-11-28T08:51:24 player: played "Minecraft/Minecraft Volume Alpha/07 - Haggstrom.mp3"
2025-11-28T08:55:28 player: played "Minecraft/Minecraft Volume Alpha/08 - Minecraft.mp3"
2025-11-28T09:00:09 player: played "Minecraft/Minecraft Volume Alpha/11 - Mice on Venus.mp3"
2025-11-28T09:01:37 player: played "Minecraft/Minecraft Volume Alpha/13 - Wet Hands.mp3"
2025-11-28T09:05:09 player: played "Minecraft/Minecraft Volume Alpha/18 - Sweden.mp3"
2025-11-28T09:08:08 player: played "Minecraft/Minecraft Volume Beta/06. Moog City 2.mp3"
2025-11-28T09:13:18 player: played "Minecraft/Minecraft Volume Beta/13. Aria Math.mp3"
2025-11-28T10:39:53 player: played "Minecraft/Minecraft Volume Beta/16. Taswell.mp3"
2025-11-28T12:56:41 player: played "Minecraft/Minecraft Volume Beta/16. Taswell.mp3"
2025-11-28T13:50:43 player: played "Minecraft/Minecraft Volume Beta/16. Taswell.mp3"
2025-11-28T13:54:11 player: played "Minecraft/Minecraft Volume Alpha/03 - Subwoofer Lullaby.mp3"
2025-11-28T13:56:51 player: played "Minecraft/Minecraft Volume Alpha/06 - Moog City.mp3"
2025-11-28T14:00:12 player: played "Minecraft/Minecraft Volume Alpha/07 - Haggstrom.mp3"
2025-11-28T14:04:16 player: played "Minecraft/Minecraft Volume Alpha/08 - Minecraft.mp3"
2025-11-28T14:08:57 player: played "Minecraft/Minecraft Volume Alpha/11 - Mice on Venus.mp3"
2025-11-28T14:10:25 player: played "Minecraft/Minecraft Volume Alpha/13 - Wet Hands.mp3"
2025-11-28T14:13:58 player: played "Minecraft/Minecraft Volume Alpha/18 - Sweden.mp3"
2025-11-28T14:16:56 player: played "Minecraft/Minecraft Volume Beta/06. Moog City 2.mp3"
2025-11-28T14:22:06 player: played "Minecraft/Minecraft Volume Beta/13. Aria Math.mp3"
2025-11-28T14:30:41 player: played "Minecraft/Minecraft Volume Beta/16. Taswell.mp3"
2025-11-28T14:34:08 player: played "Minecraft/Minecraft Volume Alpha/03 - Subwoofer Lullaby.mp3"
2025-11-28T15:53:59 player: played "Minecraft/Minecraft Volume Alpha/06 - Moog City.mp3"
2025-11-28T15:57:20 player: played "Minecraft/Minecraft Volume Alpha/07 - Haggstrom.mp3"
2025-11-28T16:01:24 player: played "Minecraft/Minecraft Volume Alpha/08 - Minecraft.mp3"
2025-11-28T16:06:06 player: played "Minecraft/Minecraft Volume Alpha/11 - Mice on Venus.mp3"
2025-11-28T16:07:33 player: played "Minecraft/Minecraft Volume Alpha/13 - Wet Hands.mp3"
2025-11-28T16:11:06 player: played "Minecraft/Minecraft Volume Alpha/18 - Sweden.mp3"
2025-11-28T16:14:05 player: played "Minecraft/Minecraft Volume Beta/06. Moog City 2.mp3"
2025-11-28T16:19:14 player: played "Minecraft/Minecraft Volume Beta/13. Aria Math.mp3"
2025-11-28T16:27:49 player: played "Minecraft/Minecraft Volume Beta/16. Taswell.mp3"
2025-11-28T16:31:16 player: played "Minecraft/Minecraft Volume Alpha/03 - Subwoofer Lullaby.mp3"
2025-11-28T16:33:56 player: played "Minecraft/Minecraft Volume Alpha/06 - Moog City.mp3"
2025-11-28T16:37:18 player: played "Minecraft/Minecraft Volume Alpha/07 - Haggstrom.mp3"
2025-11-28T18:34:11 player: played "Minecraft/Minecraft Volume Alpha/08 - Minecraft.mp3"
2025-11-28T18:38:22 player: played "Minecraft/Minecraft Volume Beta/21. Wait.mp3"
2025-11-28T18:39:27 player: played "Minecraft/Minecraft Volume Alpha/01 - Key.mp3"
2025-11-28T18:42:33 player: played "Minecraft/Minecraft Volume Alpha/19 - Cat.mp3"
2025-11-28T18:44:29 player: played "Minecraft/Minecraft Volume Alpha/10 - Équinoxe.mp3"
2025-11-28T18:48:42 player: played "Minecraft/Minecraft Volume Beta/07. Concrete Halls.mp3"
2025-11-28T18:51:32 player: played "Minecraft/Minecraft Volume Beta/05. Flake.mp3"
2025-11-28T18:59:48 player: played "Minecraft/Minecraft Volume Beta/18. Dreiton.mp3"
2025-11-28T19:03:52 player: played "Minecraft/Minecraft Volume Beta/12. Floating Trees.mp3"
2025-11-29T07:43:42 player: played "Minecraft/Minecraft Volume Alpha/08 - Minecraft.mp3"
2025-11-29T17:39:02 player: played "Minecraft/Minecraft Volume Alpha/08 - Minecraft.mp3"
2025-11-29T17:39:29 player: played "Minecraft/Minecraft Volume Alpha/03 - Subwoofer Lullaby.mp3"
2025-11-29T17:45:26 player: played "Minecraft/Minecraft Volume Alpha/11 - Mice on Venus.mp3"
2025-11-29T17:48:47 player: played "Minecraft/Minecraft Volume Alpha/07 - Haggstrom.mp3"
2025-11-29T17:51:46 player: played "Minecraft/Minecraft Volume Beta/06. Moog City 2.mp3"
2025-11-29T17:55:18 player: played "Minecraft/Minecraft Volume Alpha/18 - Sweden.mp3"
2025-11-29T17:59:22 player: played "Minecraft/Minecraft Volume Alpha/08 - Minecraft.mp3"
2025-11-29T18:00:50 player: played "Minecraft/Minecraft Volume Alpha/13 - Wet Hands.mp3"
2025-11-29T23:07:51 player: played "Minecraft/Minecraft Volume Alpha/12 - Dry Hands.mp3"
2025-12-01T02:04:49 player: played "Minecraft/Minecraft Volume Alpha/12 - Dry Hands.mp3"
2025-12-01T11:46:44 player: played "Minecraft/Minecraft Volume Alpha/12 - Dry Hands.mp3"
2025-12-01T15:09:13 player: played "Minecraft/Minecraft Volume Alpha/12 - Dry Hands.mp3"
2025-12-02T07:04:43 player: played "Minecraft/Minecraft Volume Alpha/12 - Dry Hands.mp3"
2025-12-02T10:59:08 player: played "Minecraft/Minecraft Volume Alpha/12 - Dry Hands.mp3"
2025-12-02T18:50:34 player: played "Minecraft/Minecraft Volume Alpha/12 - Dry Hands.mp3"
2025-12-02T18:52:02 player: played "Minecraft/Minecraft Volume Alpha/13 - Wet Hands.mp3"
2025-12-02T19:01:01 player: played "Minecraft/Minecraft Volume Alpha/07 - Haggstrom.mp3"
2025-12-02T19:05:43 player: played "Minecraft/Minecraft Volume Alpha/11 - Mice on Venus.mp3"
2025-12-02T21:57:01 player: played "Minecraft/Minecraft Volume Beta/13. Aria Math.mp3"
2025-12-03T15:35:55 player: played "Minecraft/Minecraft Volume Beta/13. Aria Math.mp3"
2025-12-03T15:39:16 player: played "Minecraft/Minecraft Volume Alpha/07 - Haggstrom.mp3"
2025-12-03T15:42:44 player: played "Minecraft/Minecraft Volume Alpha/03 - Subwoofer Lullaby.mp3"
2025-12-03T15:46:48 player: played "Minecraft/Minecraft Volume Alpha/08 - Minecraft.mp3"
2025-12-03T16:40:08 player: played "Minecraft/Minecraft Volume Beta/16. Taswell.mp3"
2025-12-03T16:41:13 player: played "Minecraft/Minecraft Volume Alpha/01 - Key.mp3"
2025-12-03T16:42:01 player: played "Minecraft/Minecraft Volume Alpha/12 - Dry Hands.mp3"
2025-12-03T16:45:34 player: played "Minecraft/Minecraft Volume Alpha/18 - Sweden.mp3"
2025-12-03T16:48:33 player: played "Minecraft/Minecraft Volume Beta/06. Moog City 2.mp3"
2025-12-03T16:50:00 player: played "Minecraft/Minecraft Volume Alpha/13 - Wet Hands.mp3"
2025-12-03T16:54:42 player: played "Minecraft/Minecraft Volume Alpha/11 - Mice on Venus.mp3"
2025-12-03T16:57:41 player: played "Minecraft/Minecraft Volume Beta/06. Moog City 2.mp3"
2025-12-03T17:01:09 player: played "Minecraft/Minecraft Volume Alpha/03 - Subwoofer Lullaby.mp3"
2025-12-03T17:04:30 player: played "Minecraft/Minecraft Volume Alpha/07 - Haggstrom.mp3"
2025-12-03T17:08:02 player: played "Minecraft/Minecraft Volume Alpha/18 - Sweden.mp3"
2025-12-03T17:16:37 player: played "Minecraft/Minecraft Volume Beta/16. Taswell.mp3"
2025-12-03T17:17:42 player: played "Minecraft/Minecraft Volume Alpha/01 - Key.mp3"
2025-12-03T17:18:30 player: played "Minecraft/Minecraft Volume Alpha/12 - Dry Hands.mp3"
2025-12-03T21:20:19 player: played "Minecraft/Minecraft Volume Alpha/13 - Wet Hands.mp3"
2025-12-03T21:25:28 player: played "Minecraft/Minecraft Volume Beta/13. Aria Math.mp3"
2025-12-03T21:29:31 player: played "Minecraft/Minecraft Volume Alpha/08 - Minecraft.mp3"
2025-12-03T21:34:13 player: played "Minecraft/Minecraft Volume Alpha/11 - Mice on Venus.mp3"
2025-12-03T21:35:01 player: played "Minecraft/Minecraft Volume Alpha/12 - Dry Hands.mp3"
2025-12-03T21:36:29 player: played "Minecraft/Minecraft Volume Alpha/13 - Wet Hands.mp3"
2025-12-03T21:39:56 player: played "Minecraft/Minecraft Volume Alpha/03 - Subwoofer Lullaby.mp3"
2025-12-03T21:45:05 player: played "Minecraft/Minecraft Volume Beta/13. Aria Math.mp3"
2025-12-03T21:48:27 player: played "Minecraft/Minecraft Volume Alpha/07 - Haggstrom.mp3"
2025-12-03T21:49:32 player: played "Minecraft/Minecraft Volume Alpha/01 - Key.mp3"
2025-12-03T21:53:35 player: played "Minecraft/Minecraft Volume Alpha/08 - Minecraft.mp3"
2025-12-03T22:42:52 player: played "Minecraft/Minecraft Volume Beta/06. Moog City 2.mp3"
2025-12-03T23:35:26 player: played "Minecraft/Minecraft Volume Beta/06. Moog City 2.mp3"
2025-12-04T05:21:24 player: played "Minecraft/Minecraft Volume Beta/06. Moog City 2.mp3"
2025-12-04T17:16:47 player: played "Minecraft/Minecraft Volume Beta/06. Moog City 2.mp3"
2025-12-05T05:57:18 player: played "Minecraft/Minecraft Volume Beta/06. Moog City 2.mp3"
2025-12-05T05:58:46 player: played "Minecraft/Minecraft Volume Alpha/13 - Wet Hands.mp3"
2025-12-05T06:07:21 player: played "Minecraft/Minecraft Volume Beta/16. Taswell.mp3"
2025-12-05T13:16:31 player: played "Minecraft/Minecraft Volume Beta/13. Aria Math.mp3"
2025-12-05T20:22:46 player: played "Minecraft/Minecraft Volume Beta/13. Aria Math.mp3"
2025-12-05T20:24:14 player: played "Minecraft/Minecraft Volume Alpha/13 - Wet Hands.mp3"
2025-12-05T20:27:13 player: played "Minecraft/Minecraft Volume Beta/06. Moog City 2.mp3"
2025-12-05T20:30:42 player: played "Minecraft/Minecraft Volume Alpha/03 - Subwoofer Lullaby.mp3"
2025-12-05T20:34:03 player: played "Minecraft/Minecraft Volume Alpha/07 - Haggstrom.mp3"
2025-12-05T20:38:45 player: played "Minecraft/Minecraft Volume Alpha/11 - Mice on Venus.mp3"
2025-12-05T20:47:20 player: played "Minecraft/Minecraft Volume Beta/16. Taswell.mp3"
2025-12-05T20:51:23 player: played "Minecraft/Minecraft Volume Alpha/08 - Minecraft.mp3"
2025-12-05T20:52:28 player: played "Minecraft/Minecraft Volume Alpha/01 - Key.mp3"
2025-12-05T20:53:16 player: played "Minecraft/Minecraft Volume Alpha/12 - Dry Hands.mp3"
2025-12-05T20:56:49 player: played "Minecraft/Minecraft Volume Alpha/18 - Sweden.mp3"
2025-12-05T21:00:16 player: played "Minecraft/Minecraft Volume Alpha/03 - Subwoofer Lullaby.mp3"
2025-12-05T22:41:00 player: played "Minecraft/Minecraft Volume Beta/06. Moog City 2.mp3"
2025-12-06T05:22:18 player: played "Minecraft/Minecraft Volume Beta/06. Moog City 2.mp3"
2025-12-06T05:23:23 player: played "Minecraft/Minecraft Volume Alpha/01 - Key.mp3"
2025-12-06T05:26:44 player: played "Minecraft/Minecraft Volume Alpha/07 - Haggstrom.mp3"
2025-12-06T05:28:12 player: played "Minecraft/Minecraft Volume Alpha/13 - Wet Hands.mp3"
2025-12-06T05:32:16 player: played "Minecraft/Minecraft Volume Alpha/08 - Minecraft.mp3"
2025-12-06T05:37:25 player: played "Minecraft/Minecraft Volume Beta/13. Aria Math.mp3"
2025-12-06T05:46:00 player: played "Minecraft/Minecraft Volume Beta/16. Taswell.mp3"
2025-12-06T05:49:32 player: played "Minecraft/Minecraft Volume Alpha/18 - Sweden.mp3"
2025-12-06T05:53:00 player: played "Minecraft/Minecraft Volume Alpha/03 - Subwoofer Lullaby.mp3"
2025-12-06T05:57:42 player: played "Minecraft/Minecraft Volume Alpha/11 - Mice on Venus.mp3"
2025-12-06T05:58:29 player: played "Minecraft/Minecraft Volume Alpha/12 - Dry Hands.mp3"
2025-12-06T06:02:33 player: played "Minecraft/Minecraft Volume Alpha/08 - Minecraft.mp3"
2025-12-06T07:00:41 player: played "Minecraft/Minecraft Volume Alpha/07 - Haggstrom.mp3"
2025-12-07T12:28:00 player: played "Minecraft/Minecraft Volume Alpha/07 - Haggstrom.mp3"
2025-12-08T07:46:28 player: played "Minecraft/Minecraft Volume Alpha/07 - Haggstrom.mp3"
2025-12-08T11:46:59 player: played "Minecraft/Minecraft Volume Alpha/07 - Haggstrom.mp3"
2025-12-08T15:05:52 pipewire_output: Decoder is too slow; playing silence to avoid xrun
2025-12-08T15:05:52 pipewire_output: Decoder is too slow; playing silence to avoid xrun
2025-12-08T15:05:52 player: played "Minecraft/Minecraft Volume Beta/13. Aria Math.mp3"
2025-12-08T15:09:24 player: played "Minecraft/Minecraft Volume Alpha/18 - Sweden.mp3"
2025-12-08T15:14:24 player: played "Minecraft/Minecraft Volume Alpha/13 - Wet Hands.mp3"
2025-12-08T22:52:15 player: played "Minecraft/Minecraft Volume Alpha/11 - Mice on Venus.mp3"
2025-12-09T14:11:52 player: played "Minecraft/Minecraft Volume Alpha/11 - Mice on Venus.mp3"
2025-12-09T14:13:50 player: played "Oppenheimer/Can You Hear The Music.mp3"
2025-12-09T14:16:51 player: played "Oppenheimer/Manhattan Project.mp3"
2025-12-09T14:20:21 player: played "Oppenheimer/Gravity Swallows Light.mp3"
2025-12-09T14:25:14 player: played "Oppenheimer/Kitty Comes To Testify.mp3"
2025-12-09T14:29:10 player: played "Oppenheimer/Fusion.mp3"
2025-12-09T14:32:39 player: played "Oppenheimer/Atmospheric Ignition.mp3"
2025-12-09T14:36:13 player: played "Oppenheimer/A Lowly Shoe Salesman.mp3"
2025-12-09T17:14:22 player: played "Oppenheimer/What We Have Done.mp3"
2025-12-09T17:17:47 player: played "Oppenheimer/Something More Important.mp3"
2025-12-09T17:20:47 player: played "Oppenheimer/Quantum Mechanics.mp3"
2025-12-09T17:37:45 player: played "Oppenheimer/Power Stays In The Shadows.mp3"
2025-12-09T17:40:49 player: played "Oppenheimer/Groves.mp3"
2025-12-09T17:45:10 player: played "Oppenheimer/Ground Zero.mp3"
2025-12-09T17:49:33 player: played "Oppenheimer/Dr. Hill.mp3"
2025-12-09T17:57:26 player: played "Oppenheimer/Trinity.mp3"
2025-12-09T18:27:51 player: played "Oppenheimer/Meeting Kitty.mp3"
2025-12-09T18:30:08 player: played "Oppenheimer/Oppenheimer.mp3"
2025-12-09T21:46:09 player: played "Oppenheimer/Colonel Pash.mp3"
2025-12-10T06:22:38 player: played "Oppenheimer/Colonel Pash.mp3"
2025-12-10T06:27:21 player: played "plastic beach-gorillaz/17 Pirate's Progress.mp3"
2025-12-10T06:28:30 player: played "plastic beach-gorillaz/01 Orchestral Intro (feat. Sinfonia Viva).mp3"
2025-12-10T06:32:06 player: played "plastic beach-gorillaz/02 Welcome to the World of the Plastic Beach (feat. Snoop Dogg & Hypnotic Brass Ensemble).mp3"
2025-12-10T06:35:49 player: played "plastic beach-gorillaz/03 White Flag (feat. Bashy, Kano & the National Orchestra for Arabic Music).mp3"
2025-12-10T06:39:10 player: played "plastic beach-gorillaz/04 Rhinestone Eyes.mp3"
2025-12-10T06:43:40 player: played "plastic beach-gorillaz/05 Stylo (feat. Mos Def & Bobby Womack).mp3"
2025-12-10T06:46:35 player: played "plastic beach-gorillaz/06 Superfast Jellyfish (feat. Gruff Rhys & De La Soul).mp3"
2025-12-10T06:51:19 player: played "plastic beach-gorillaz/07 Empire Ants (feat. Little Dragon).mp3"
2025-12-10T06:55:22 player: played "plastic beach-gorillaz/08 Glitter Freeze (feat. Mark E Smith).mp3"
2025-12-10T06:58:21 player: played "plastic beach-gorillaz/09 Some Kind of Nature (feat. Lou Reed).mp3"
2025-12-10T07:02:15 player: played "plastic beach-gorillaz/10 On Melancholy Hill.mp3"
2025-12-10T07:05:32 player: played "plastic beach-gorillaz/11 Broken.mp3"
2025-12-10T07:10:53 player: played "plastic beach-gorillaz/12 Sweepstakes (feat. Mos Def & Hypnotic Brass Ensemble).mp3"
2025-12-10T07:14:40 player: played "plastic beach-gorillaz/13 Plastic Beach (feat. Mick Jones & Paul Simonon).mp3"
2025-12-10T07:18:36 player: played "plastic beach-gorillaz/14 To Binge (feat. Little Dragon).mp3"
2025-12-10T07:21:42 player: played "plastic beach-gorillaz/15 Cloud of Unknowing (feat. Bobby Womack & Sinfonia Viva).mp3"
2025-12-10T07:24:15 player: played "plastic beach-gorillaz/16 Pirate Jet.mp3"
2025-12-10T07:28:18 player: played "plastic beach-gorillaz/17 Pirate's Progress.mp3"
2025-12-10T09:05:03 player: played "plastic beach-gorillaz/01 Orchestral Intro (feat. Sinfonia Viva).mp3"
2025-12-10T09:08:24 player: played "Queen Albums/Queen-Flash.mp3"
2025-12-10T09:09:05 player: played "JKT48/Fortune Cookie - JKT48.mp3"
2025-12-10T09:15:21 player: played "Math Rock/Elm_SpotiDost.mp3"
2025-12-10T09:21:07 player: played "Math Rock/shibuya (feat. San Holo)_SpotiDost.mp3"
2025-12-10T22:14:12 player: played "Math Rock/In the Absence of Strong Evidence to the Contrary, One May Step Out of the Way of the Charging Bull_SpotiDost.mp3"
2025-12-11T11:18:57 player: played "Math Rock/In the Absence of Strong Evidence to the Contrary, One May Step Out of the Way of the Charging Bull_SpotiDost.mp3"
2025-12-11T11:20:04 player: played "Math Rock/Astray Life_SpotiDost.mp3"
2025-12-11T11:21:04 player: played "Math Rock/Astray Life_SpotiDost.mp3"
2025-12-11T11:26:50 player: played "Math Rock/shibuya (feat. San Holo)_SpotiDost.mp3"
2025-12-11T11:31:26 player: played "Math Rock/In the Absence of Strong Evidence to the Contrary, One May Step Out of the Way of the Charging Bull_SpotiDost.mp3"
2025-12-11T11:44:56 player: played "Math Rock/Elm_SpotiDost.mp3"
2025-12-11T21:28:01 player: played "Math Rock/大象體操ElephantGym _ 女巫 Witches【Official Music Video】-NEW ALBUM「夢境 Dreams」(5 11 Release)-_SpotiDost.mp3"
2025-12-12T06:55:34 player: played "Math Rock/大象體操ElephantGym _ 女巫 Witches【Official Music Video】-NEW ALBUM「夢境 Dreams」(5 11 Release)-_SpotiDost.mp3"
2025-12-12T14:44:42 update: added tameimpala/[05] Music To Walk Home By.mp3
2025-12-12T14:44:42 update: added tameimpala/[02] Elephant (Live).mp3
2025-12-12T14:44:42 update: added tameimpala/[05] Why Won't You Make Up Your Mind.mp3
2025-12-12T14:44:42 update: added tameimpala/06-tame_impala-tomorrows_dust.mp3
2025-12-12T14:44:42 update: added tameimpala/02. Skeleton Tiger (Retamed By Canyons).mp3
2025-12-12T14:44:42 update: added tameimpala/[04] Wander.mp3
2025-12-12T14:44:42 update: added tameimpala/[03] Sundown Syndrome (Canyons Remix).mp3
2025-12-12T14:44:42 update: added tameimpala/01-tame_impala-one_more_year.mp3
2025-12-12T14:44:42 update: added tameimpala/10-tame_impala-it_might_be_time.mp3
2025-12-12T14:44:42 update: added tameimpala/[09] Canyons Sunrise Reprise.mp3
2025-12-12T14:44:42 update: added tameimpala/12-tame_impala-one_more_hour.mp3
2025-12-12T14:44:42 update: added tameimpala/[05] Why Won't You Make Up Your Mind (Erol Alkan Rework).mp3
2025-12-12T14:44:42 update: added tameimpala/04. Yes I’m Changing.mp3
2025-12-12T14:44:42 update: added tameimpala/[01] Be Above It.mp3
2025-12-12T14:44:42 update: added tameimpala/04-tame_impala-posthumous_forgiveness.mp3
2025-12-12T14:44:42 update: added tameimpala/[02] Mind Mischief (Ducktails Remix).mp3
2025-12-12T14:44:42 update: added tameimpala/[12] Sun's Coming Up.mp3
2025-12-12T14:44:42 update: added tameimpala/[06] Lucidity (Pilooski Remix).mp3
2025-12-12T14:44:42 update: added tameimpala/[02] Desire Be Desire Go.mp3
2025-12-12T14:44:42 update: added tameimpala/[02] B - Beverly Laurel.mp3
2025-12-12T14:44:42 update: added tameimpala/11. Reality In Motion.mp3
2025-12-12T14:44:42 update: added tameimpala/Half Full Glass of Wine.mp3
2025-12-12T14:44:42 update: added tameimpala/[06] Solitude Is Bliss (Canyons 'Dow Jones' Mix).mp3
2025-12-12T14:44:42 update: added tameimpala/[01] Elephant.mp3
2025-12-12T14:44:42 update: added tameimpala/02. Nangs.mp3
2025-12-12T14:44:42 update: added tameimpala/[01] Apocalypse Dreams (Live).mp3
2025-12-12T14:44:42 update: added tameimpala/[03] Mind Mischief (The Field Remix).mp3
2025-12-12T14:44:42 update: added tameimpala/08. Past Life.mp3
2025-12-12T14:44:42 update: added tameimpala/[07] Feels Like We Only Go Backwards.mp3
2025-12-12T14:44:42 update: added tameimpala/03. The Moment.mp3
2025-12-12T14:44:42 update: added tameimpala/12. Love Paranoia.mp3
2025-12-12T14:44:42 update: added tameimpala/[04] Solitude Is Bliss (Mickey Moonlight T.A.M. Remix).mp3
2025-12-12T14:44:42 update: added tameimpala/13. New Person, Same Old Mistakes.mp3
2025-12-12T14:44:42 update: added tameimpala/11-tame_impala-glimmer.mp3
2025-12-12T14:44:42 update: added tameimpala/09. Disciples.mp3
2025-12-12T14:44:42 update: added tameimpala/[12] 30 Mins With Mathew Saville (Secret Bonus Track).mp3
2025-12-12T14:44:42 update: added tameimpala/[10] She Just Won't Believe Me.mp3
2025-12-12T14:44:42 update: added tameimpala/[03] Elephant (Canyons Wooly Mammoth Extension).mp3
2025-12-12T14:44:42 update: added tameimpala/[07] Solitude Is Bliss (Mickey Moonlight T.A.M Remix).mp3
2025-12-12T14:44:42 update: added tameimpala/[03] Lucidity (Pilooski Remix).mp3
2025-12-12T14:44:42 update: added tameimpala/[11] I Don't Really Mind.mp3
2025-12-12T14:44:42 update: added tameimpala/Remember Me.mp3
2025-12-12T14:44:42 update: added tameimpala/[01] It Is Not Meant To Be.mp3
2025-12-12T14:44:42 update: added tameimpala/[02] Solitude Is Bliss (Time & Space Machine Remix).mp3
2025-12-12T14:44:42 update: added tameimpala/05-tame_impala-breathe_deeper.mp3
2025-12-12T14:44:42 update: added tameimpala/Sundown Syndrome.mp3
2025-12-12T14:44:42 update: added tameimpala/01. Let It Happen.mp3
2025-12-12T14:44:42 update: added tameimpala/07-tame_impala-on_track.mp3
2025-12-12T14:44:42 update: added tameimpala/07. The Less I Know The Better.mp3
2025-12-12T14:44:42 update: added tameimpala/[01] A - Led Zeppelin.mp3
2025-12-12T14:44:42 update: added tameimpala/[03] Feels Like We Only Go Backwards (Live).mp3
2025-12-12T14:44:42 update: added tameimpala/[02] The Flaming Lips - Elephant.mp3
2025-12-12T14:44:42 update: added tameimpala/[08] Expectation.mp3
2025-12-12T14:44:42 update: added tameimpala/[01] Why Won't You Make Up Your Mind (Erol Alkan Rework).mp3
2025-12-12T14:44:42 update: added tameimpala/[10] Runway, Houses, City, Clouds.mp3
2025-12-12T14:44:42 update: added tameimpala/06. Gossip.mp3
2025-12-12T14:44:42 update: added tameimpala/[03] Tame Impala - Are You A Hypnotist.mp3
2025-12-12T14:44:42 update: added tameimpala/[04] Tame Impala - Silver Trembling Hands.mp3
2025-12-12T14:44:42 update: added tameimpala/[03] Alter Ego.mp3
2025-12-12T14:44:42 update: added tameimpala/[06] Why Won't They Talk To Me-.mp3
2025-12-12T14:44:42 update: added tameimpala/[04] Lucidity.mp3
2025-12-12T14:44:42 update: added tameimpala/03-tame_impala-borderline.mp3
2025-12-12T14:44:42 update: added tameimpala/[03] Sestri Levante.mp3
2025-12-12T14:44:42 update: added tameimpala/[08] 41 Mojitos (Canyons Poolside Dub).mp3
2025-12-12T14:44:42 update: added tameimpala/[08] Keep On Lying.mp3
2025-12-12T14:44:42 update: added tameimpala/[05] Solitude Is Bliss (Mickey Moonlight Remix).mp3
2025-12-12T14:44:42 update: added tameimpala/09-tame_impala-is_it_true.mp3
2025-12-12T14:44:42 update: added tameimpala/08-tame_impala-lost_in_yesterday.mp3
2025-12-12T14:44:42 update: added tameimpala/[03] Apocalypse Dreams.mp3
2025-12-12T14:44:42 update: added tameimpala/[01] Sundown Syndrome.mp3
2025-12-12T14:44:42 update: added tameimpala/[09] The Bold Arrow Of Time.mp3
2025-12-12T14:44:42 update: added tameimpala/[11] Nothing That Has Happened So Far Has Been Anything We Could Control.mp3
2025-12-12T14:44:42 update: added tameimpala/[02] Endors Toi.mp3
2025-12-12T14:44:42 update: added tameimpala/[01] The Flaming Lips - Runway, Houses, City, Clouds.mp3
2025-12-12T14:44:42 update: added tameimpala/[03] Solitude Is Bliss (Midnight Juggernauts Remix).mp3
2025-12-12T14:44:42 update: added tameimpala/10. ‘Cause I’m A Man.mp3
2025-12-12T14:44:42 update: added tameimpala/02-tame_impala-instant_destiny.mp3
2025-12-12T14:44:42 update: added tameimpala/[07] Jeremy's Storm.mp3
2025-12-12T14:44:42 update: added tameimpala/01. H.F.G.W (Canyons Drunken Rage).mp3
2025-12-12T14:44:42 update: added tameimpala/[02] Elephant (Todd Rundgren Remix).mp3
2025-12-12T14:44:42 update: added tameimpala/[02] Remember Me.mp3
2025-12-12T14:44:42 update: added tameimpala/05. Eventually.mp3
2025-12-12T14:44:42 update: added tameimpala/[06] Solitude Is Bliss.mp3
2025-12-12T14:44:42 update: added tameimpala/[04] Mind Mischief.mp3
2025-12-12T14:46:34 player: played "Math Rock/大象體操ElephantGym _ 女巫 Witches【Official Music Video】-NEW ALBUM「夢境 Dreams」(5 11 Release)-_SpotiDost.mp3"
2025-12-12T14:54:46 player: played "tameimpala/01. Let It Happen.mp3"
2025-12-12T15:42:22 player: played "tameimpala/02. Nangs.mp3"
2025-12-12T15:46:37 player: played "tameimpala/03. The Moment.mp3"
2025-12-12T15:51:08 player: played "tameimpala/04. Yes I’m Changing.mp3"
2025-12-12T15:56:28 player: played "tameimpala/05. Eventually.mp3"
2025-12-12T15:57:23 player: played "tameimpala/06. Gossip.mp3"
2025-12-12T16:01:02 player: played "tameimpala/07. The Less I Know The Better.mp3"
2025-12-12T16:18:47 player: played "tameimpala/08. Past Life.mp3"
2025-12-12T16:20:35 player: played "tameimpala/09. Disciples.mp3"
2025-12-12T16:24:37 player: played "tameimpala/10. ‘Cause I’m A Man.mp3"
2025-12-12T16:28:50 player: played "tameimpala/11. Reality In Motion.mp3"
2025-12-12T16:31:56 player: played "tameimpala/12. Love Paranoia.mp3"
2025-12-12T16:37:59 player: played "tameimpala/13. New Person, Same Old Mistakes.mp3"
2025-12-12T21:53:51 player: played "tameimpala/01. Let It Happen.mp3"
2025-12-12T22:20:49 player: played "tameimpala/01. Let It Happen.mp3"
2025-12-13T22:13:07 player: played "tameimpala/01. Let It Happen.mp3"
2025-12-14T04:51:14 player: played "tameimpala/01. Let It Happen.mp3"
2025-12-14T04:53:02 player: played "tameimpala/02. Nangs.mp3"
2025-12-14T04:57:17 player: played "tameimpala/03. The Moment.mp3"
2025-12-14T05:01:48 player: played "tameimpala/04. Yes I’m Changing.mp3"
2025-12-14T05:07:07 player: played "tameimpala/05. Eventually.mp3"
2025-12-14T05:08:03 player: played "tameimpala/06. Gossip.mp3"
2025-12-14T05:11:42 player: played "tameimpala/07. The Less I Know The Better.mp3"
2025-12-14T05:15:30 player: played "tameimpala/08. Past Life.mp3"
2025-12-14T05:17:18 player: played "tameimpala/09. Disciples.mp3"
2025-12-14T05:21:20 player: played "tameimpala/10. ‘Cause I’m A Man.mp3"
2025-12-14T05:25:33 player: played "tameimpala/11. Reality In Motion.mp3"
2025-12-14T05:28:39 player: played "tameimpala/12. Love Paranoia.mp3"
2025-12-14T05:34:41 player: played "tameimpala/13. New Person, Same Old Mistakes.mp3"
2025-12-14T05:42:28 player: played "tameimpala/01. Let It Happen.mp3"
2025-12-14T05:44:16 player: played "tameimpala/02. Nangs.mp3"
2025-12-14T05:48:32 player: played "tameimpala/03. The Moment.mp3"
2025-12-14T05:53:03 player: played "tameimpala/04. Yes I’m Changing.mp3"
2025-12-14T05:58:22 player: played "tameimpala/05. Eventually.mp3"
2025-12-14T05:59:17 player: played "tameimpala/06. Gossip.mp3"
2025-12-14T06:02:56 player: played "tameimpala/07. The Less I Know The Better.mp3"
2025-12-14T06:06:44 player: played "tameimpala/08. Past Life.mp3"
2025-12-14T06:08:32 player: played "tameimpala/09. Disciples.mp3"
2025-12-14T06:12:35 player: played "tameimpala/10. ‘Cause I’m A Man.mp3"
2025-12-14T06:16:47 player: played "tameimpala/11. Reality In Motion.mp3"
2025-12-14T06:19:54 player: played "tameimpala/12. Love Paranoia.mp3"
2025-12-14T15:13:11 player: played "tameimpala/13. New Person, Same Old Mistakes.mp3"
2025-12-14T15:20:58 player: played "tameimpala/01. Let It Happen.mp3"
2025-12-14T15:22:46 player: played "tameimpala/02. Nangs.mp3"
2025-12-14T15:27:02 player: played "tameimpala/03. The Moment.mp3"
2025-12-14T15:31:33 player: played "tameimpala/04. Yes I’m Changing.mp3"
2025-12-14T15:36:52 player: played "tameimpala/05. Eventually.mp3"
2025-12-14T15:37:47 player: played "tameimpala/06. Gossip.mp3"
2025-12-14T15:41:26 player: played "tameimpala/07. The Less I Know The Better.mp3"
2025-12-14T15:48:56 player: played "tameimpala/08. Past Life.mp3"
2025-12-14T15:50:44 player: played "tameimpala/09. Disciples.mp3"
2025-12-14T15:54:46 player: played "tameimpala/10. ‘Cause I’m A Man.mp3"
2025-12-14T15:58:59 player: played "tameimpala/11. Reality In Motion.mp3"
2025-12-14T16:02:05 player: played "tameimpala/12. Love Paranoia.mp3"
2025-12-14T16:08:08 player: played "tameimpala/13. New Person, Same Old Mistakes.mp3"
2025-12-14T16:14:09 player: played "tameimpala/01. Let It Happen.mp3"
2025-12-14T19:36:34 player: played "Queen Albums/[1973] - Queen/01 - Keep Yourself Alive.mp3"
2025-12-14T19:41:17 player: played "Queen Albums/[1991] - Innuendo/06 - Ride The Wild Wind.mp3"
2025-12-14T19:46:46 player: played "Queen Albums/[1989] - The Miracle/13 - The Invisible Man (12 Version).mp3"
2025-12-14T19:50:14 player: played "Queen Albums/[1977] - News Of The World/03 - Sheer Heart Attack.mp3"
2025-12-14T19:56:12 player: played "Queen Albums/[1986] - A Kind Of Magic/11 - Friends Will Be Friends Will Be Friends....mp3"
2025-12-14T19:57:20 player: played "Queen Albums/[1975] - A Night At The Opera/02 - Lazing On A Sunday Afternoon.mp3"
2025-12-14T20:01:12 player: played "Queen Albums/[1982] - Hot Space/08 - Calling All Girls.mp3"
2025-12-14T20:19:41 player: played "Queen Albums/[1974] - Sheer Heart Attack/06 - Now I'm Here.mp3"
2025-12-14T20:24:44 player: played "Queen Albums/[1989] - The Miracle/03 - The Miracle.mp3"
2025-12-14T20:29:12 player: played "Queen Albums/[1986] - A Kind Of Magic/03 - One Year Of Love.mp3"
2025-12-14T20:34:07 player: played "Queen Albums/[1976] - A Day At The Races/04 - The Millionaire Waltz.mp3"
2025-12-14T20:35:20 player: played "Queen Albums/[1974] - Queen II/01 - Procession.mp3"
2025-12-14T20:38:49 player: played "Queen Albums/[1984] - The Works/02 - Tear It Up.mp3"
2025-12-14T20:42:23 player: played "Queen Albums/[1982] - Hot Space/05 - Action This Day.mp3"
2025-12-14T20:45:46 player: played "Queen Albums/[1974] - Sheer Heart Attack/07 - In the Lap Of The Gods.mp3"
2025-12-14T20:50:29 player: played "Queen Albums/[1989] - The Miracle/08 - Scandal.mp3"
2025-12-14T20:53:11 player: played "Queen Albums/[1974] - Queen II/07 - The Fairy Feller's Master-Stroke.mp3"
2025-12-14T20:58:01 player: played "Queen Albums/[1995] - Made In Heaven/06 - I Was Born To Love You.mp3"
2025-12-14T21:01:17 player: played "Queen Albums/[1995] - Made In Heaven/05 - My Life Has Been Saved.mp3"
2025-12-14T21:06:06 player: played "Queen Albums/[1989] - The Miracle/01 - Party.mp3"
2025-12-14T21:11:49 player: played "Queen Albums/[1973] - Queen/03 - Great King Rat.mp3"
2025-12-14T21:18:23 player: played "Queen Albums/[1974] - Queen II/09 - The March Of the Black Queen.mp3"
2025-12-14T21:43:34 player: played "Queen Albums/[1976] - A Day At The Races/10 - Teo Torriatte (Let Us Cling Together).mp3"
2025-12-14T21:48:46 player: played "Queen Albums/[1974] - Sheer Heart Attack/01 - Brighton Rock.mp3"
2025-12-14T22:40:12 player: played "Queen Albums/[1978] - Jazz/07 - Dead On Time.mp3"
2025-12-14T22:41:32 player: played "plastic beach-gorillaz/01 Orchestral Intro (feat. Sinfonia Viva).mp3"
2025-12-14T22:45:08 player: played "plastic beach-gorillaz/02 Welcome to the World of the Plastic Beach (feat. Snoop Dogg & Hypnotic Brass Ensemble).mp3"
2025-12-14T22:48:51 player: played "plastic beach-gorillaz/03 White Flag (feat. Bashy, Kano & the National Orchestra for Arabic Music).mp3"
2025-12-14T22:52:11 player: played "plastic beach-gorillaz/04 Rhinestone Eyes.mp3"
2025-12-14T22:56:42 player: played "plastic beach-gorillaz/05 Stylo (feat. Mos Def & Bobby Womack).mp3"
2025-12-14T22:59:37 player: played "plastic beach-gorillaz/06 Superfast Jellyfish (feat. Gruff Rhys & De La Soul).mp3"
2025-12-14T23:04:20 player: played "plastic beach-gorillaz/07 Empire Ants (feat. Little Dragon).mp3"
2025-12-14T23:06:21 player: played "plastic beach-gorillaz/08 Glitter Freeze (feat. Mark E Smith).mp3"
2025-12-15T22:51:57 player: played "plastic beach-gorillaz/08 Glitter Freeze (feat. Mark E Smith).mp3"
2025-12-16T15:46:56 player: played "plastic beach-gorillaz/08 Glitter Freeze (feat. Mark E Smith).mp3"
2025-12-16T15:48:01 player: played "Math Rock/Astray Life_SpotiDost.mp3"
2025-12-16T15:55:18 player: played "Math Rock/In the Absence of Strong Evidence to the Contrary, One May Step Out of the Way of the Charging Bull_SpotiDost.mp3"
2025-12-16T15:59:44 player: played "Math Rock/Open Closed Open_SpotiDost.mp3"
2025-12-16T16:03:54 player: played "Math Rock/Deep Inside_SpotiDost.mp3"
2025-12-16T16:07:53 player: played "Math Rock/大象體操ElephantGym _ 女巫 Witches【Official Music Video】-NEW ALBUM「夢境 Dreams」(5 11 Release)-_SpotiDost.mp3"
2025-12-16T16:11:25 player: played "Math Rock/Chevalier Bulltoe_SpotiDost.mp3"
2025-12-16T16:16:00 player: played "Math Rock/Imprimatura_SpotiDost.mp3"
2025-12-16T16:19:29 player: played "Math Rock/Objets de Vertu_SpotiDost.mp3"
2025-12-16T20:03:30 player: played "Math Rock/shibuya (feat. San Holo)_SpotiDost.mp3"
2025-12-16T20:08:23 player: played "Math Rock/Quiet_SpotiDost.mp3"
2025-12-16T20:13:51 player: played "Math Rock/Elm_SpotiDost.mp3"
2025-12-16T20:19:37 player: played "Math Rock/shibuya (feat. San Holo)_SpotiDost.mp3"
2025-12-16T20:23:46 player: played "Math Rock/Deep Inside_SpotiDost.mp3"
2025-12-16T20:28:23 player: played "Math Rock/Elm_SpotiDost.mp3"
2025-12-16T20:31:35 player: played "Oppenheimer/Manhattan Project.mp3"
2025-12-16T20:37:07 player: played "Oppenheimer/The Trial.mp3"
2025-12-16T20:40:38 player: played "Oppenheimer/Gravity Swallows Light.mp3"
2025-12-16T20:43:41 player: played "Oppenheimer/Groves.mp3"
2025-12-16T20:48:05 player: played "Oppenheimer/Dr. Hill.mp3"
2025-12-16T20:50:21 player: played "Oppenheimer/Oppenheimer.mp3"
2025-12-16T21:12:55 player: played "Oppenheimer/Meeting Kitty.mp3"
2025-12-16T21:16:29 player: played "Oppenheimer/A Lowly Shoe Salesman.mp3"
2025-12-16T21:18:20 player: played "Oppenheimer/Can You Hear The Music.mp3"
2025-12-16T21:21:20 player: played "Oppenheimer/Quantum Mechanics.mp3"
2025-12-16T21:25:58 player: played "Oppenheimer/Fission.mp3"
2025-12-16T21:31:44 player: played "Oppenheimer/What We Have Done.mp3"
2025-12-16T21:35:39 player: played "Oppenheimer/Fusion.mp3"
2025-12-16T21:38:54 player: played "Oppenheimer/Theorists.mp3"
2025-12-16T21:41:31 player: played "Oppenheimer/American Prometheus.mp3"
2025-12-16T21:49:24 player: played "Oppenheimer/Trinity.mp3"
2025-12-16T21:53:35 player: played "Oppenheimer/Power Stays In The Shadows.mp3"
2025-12-16T21:57:57 player: played "Oppenheimer/Ground Zero.mp3"
2025-12-16T22:01:25 player: played "Oppenheimer/Atmospheric Ignition.mp3"
2025-12-16T22:04:20 player: played "Oppenheimer/Destroyer Of Worlds.mp3"
2025-12-17T15:34:21 player: played "Oppenheimer/Something More Important.mp3"
2025-12-17T15:36:59 player: played "Oppenheimer/Los Alamos.mp3"
2025-12-17T15:53:31 player: played "Oppenheimer/Colonel Pash.mp3"
2025-12-17T15:58:24 player: played "Oppenheimer/Kitty Comes To Testify.mp3"
2025-12-17T16:08:54 player: played "Oppenheimer/Meeting Kitty.mp3"
2025-12-17T16:13:47 player: played "Oppenheimer/Kitty Comes To Testify.mp3"
2025-12-17T16:16:47 player: played "Oppenheimer/Quantum Mechanics.mp3"
2025-12-17T16:21:44 player: played "Oppenheimer/Colonel Pash.mp3"
2025-12-17T16:25:40 player: played "Oppenheimer/Fusion.mp3"
2025-12-17T22:48:49 player: played "Oppenheimer/Atmospheric Ignition.mp3"
2025-12-18T07:55:14 player: played "Oppenheimer/Atmospheric Ignition.mp3"
2025-12-18T07:58:40 player: played "Oppenheimer/Something More Important.mp3"
2025-12-18T08:01:40 player: played "Oppenheimer/Quantum Mechanics.mp3"
2025-12-18T08:07:26 player: played "Oppenheimer/What We Have Done.mp3"
2025-12-18T08:10:20 player: played "Oppenheimer/Destroyer Of Worlds.mp3"
2025-12-18T08:13:24 player: played "Oppenheimer/Groves.mp3"
2025-12-18T08:18:21 player: played "Oppenheimer/Colonel Pash.mp3"
2025-12-18T08:22:43 player: played "Oppenheimer/Ground Zero.mp3"
2025-12-18T08:27:35 player: played "Oppenheimer/Kitty Comes To Testify.mp3"
2025-12-18T08:30:36 player: played "Oppenheimer/Manhattan Project.mp3"
2025-12-18T08:35:15 player: played "Oppenheimer/Fission.mp3"
2025-12-18T08:43:08 player: played "Oppenheimer/Trinity.mp3"
2025-12-18T08:46:42 player: played "Oppenheimer/A Lowly Shoe Salesman.mp3"
2025-12-18T09:17:50 player: played "Oppenheimer/Power Stays In The Shadows.mp3"
2025-12-18T12:25:00 player: played "Oppenheimer/Power Stays In The Shadows.mp3"
2025-12-18T15:15:58 player: played "Oppenheimer/Power Stays In The Shadows.mp3"
2025-12-18T22:25:17 player: played "Oppenheimer/Power Stays In The Shadows.mp3"
2025-12-19T22:03:26 player: played "Oppenheimer/Power Stays In The Shadows.mp3"
2025-12-21T00:28:55 player: played "Oppenheimer/Power Stays In The Shadows.mp3"
2025-12-21T08:02:15 player: played "Oppenheimer/Power Stays In The Shadows.mp3"
2025-12-21T22:08:45 player: played "Oppenheimer/Power Stays In The Shadows.mp3"
2025-12-22T09:19:24 player: played "Oppenheimer/Power Stays In The Shadows.mp3"
2025-12-22T17:36:56 player: played "Oppenheimer/Power Stays In The Shadows.mp3"
2025-12-23T01:05:13 player: played "Oppenheimer/Power Stays In The Shadows.mp3"
2025-12-23T06:41:36 player: played "Oppenheimer/Power Stays In The Shadows.mp3"
2025-12-23T14:53:11 player: played "Oppenheimer/Power Stays In The Shadows.mp3"
2025-12-24T23:16:07 player: played "Oppenheimer/Power Stays In The Shadows.mp3"
2025-12-25T08:45:12 player: played "Oppenheimer/Power Stays In The Shadows.mp3"
2025-12-25T14:15:35 player: played "Oppenheimer/Power Stays In The Shadows.mp3"
2025-12-25T21:43:18 player: played "Oppenheimer/Power Stays In The Shadows.mp3"
2025-12-26T23:55:12 player: played "Oppenheimer/Power Stays In The Shadows.mp3"
2025-12-27T23:00:24 player: played "Oppenheimer/Power Stays In The Shadows.mp3"
2025-12-29T02:24:56 player: played "Oppenheimer/Power Stays In The Shadows.mp3"
2025-12-29T10:39:09 player: played "Oppenheimer/Power Stays In The Shadows.mp3"
Note: Illegal Audio-MPEG-Header 0x00000000 at offset 148749.
Note: Trying to resync...
Note: Hit end of (available) data during resync.
2025-12-29T10:58:29 mpg123: mpg123_getformat() failed: Message: I am done with this track.
Note: Illegal Audio-MPEG-Header 0x00000000 at offset 148749.
Note: Trying to resync...
Note: Hit end of (available) data during resync.
2025-12-29T10:58:29 mpg123: mpg123_getformat() failed: Message: I am done with this track.
2025-12-29T10:58:29 ffmpeg/h263: Format h263 detected only with low score of 24, misdetection possible!
2025-12-29T10:58:29 ffmpeg/h263: Bad picture start code
2025-12-29T10:58:29 ffmpeg/h263: header damaged
2025-12-29T10:58:29 ffmpeg/h263: Could not find codec parameters for stream 0 (Video: h263, none): unspecified size
Consider increasing the value for the 'analyzeduration' (0) and 'probesize' (5000000) options
Note: Illegal Audio-MPEG-Header 0x00000000 at offset 158791.
Note: Trying to resync...
Note: Hit end of (available) data during resync.
2025-12-29T10:58:29 mpg123: mpg123_getformat() failed: Message: I am done with this track.
Note: Illegal Audio-MPEG-Header 0x00000000 at offset 158791.
Note: Trying to resync...
Note: Hit end of (available) data during resync.
2025-12-29T10:58:29 mpg123: mpg123_getformat() failed: Message: I am done with this track.
2025-12-29T10:58:29 ffmpeg/mp3: Format mp3 detected only with low score of 24, misdetection possible!
2025-12-29T10:58:29 ffmpeg/mp3: Failed to find two consecutive MPEG audio frames.
Note: Illegal Audio-MPEG-Header 0x00000000 at offset 159432.
Note: Trying to resync...
Note: Hit end of (available) data during resync.
2025-12-29T10:58:29 mpg123: mpg123_getformat() failed: Message: I am done with this track.
Note: Illegal Audio-MPEG-Header 0x00000000 at offset 159432.
Note: Trying to resync...
Note: Hit end of (available) data during resync.
2025-12-29T10:58:29 mpg123: mpg123_getformat() failed: Message: I am done with this track.
2025-12-29T10:58:29 ffmpeg/mp3: Format mp3 detected only with low score of 24, misdetection possible!
2025-12-29T10:58:29 ffmpeg/mp3: Failed to find two consecutive MPEG audio frames.
Note: Illegal Audio-MPEG-Header 0x00000000 at offset 158792.
Note: Trying to resync...
Note: Hit end of (available) data during resync.
2025-12-29T10:58:29 mpg123: mpg123_getformat() failed: Message: I am done with this track.
Note: Illegal Audio-MPEG-Header 0x00000000 at offset 158792.
Note: Trying to resync...
Note: Hit end of (available) data during resync.
2025-12-29T10:58:29 mpg123: mpg123_getformat() failed: Message: I am done with this track.
2025-12-29T10:58:29 ffmpeg/mp3: Format mp3 detected only with low score of 24, misdetection possible!
2025-12-29T10:58:29 ffmpeg/mp3: Failed to find two consecutive MPEG audio frames.
2025-12-29T22:56:17 player: played "Oppenheimer/Power Stays In The Shadows.mp3"
2025-12-30T20:30:35 player: played "Oppenheimer/Power Stays In The Shadows.mp3"
2025-12-30T20:40:50 player: played "Oppenheimer/Power Stays In The Shadows.mp3"
2025-12-30T20:45:47 player: played "Oppenheimer/Colonel Pash.mp3"
2025-12-30T20:49:43 player: played "Oppenheimer/Fusion.mp3"
2025-12-30T20:52:43 player: played "Oppenheimer/Quantum Mechanics.mp3"
2025-12-30T21:15:44 player: played "Oppenheimer/Gravity Swallows Light.mp3"
2025-12-30T21:19:12 player: played "Oppenheimer/Atmospheric Ignition.mp3"
2025-12-30T21:21:03 player: played "Oppenheimer/Can You Hear The Music.mp3"
2025-12-30T23:38:08 player: played "Oppenheimer/Trinity.mp3"
2025-12-31T05:06:53 player: played "Oppenheimer/Trinity.mp3"
2025-12-31T05:08:23 player: played "tameimpala/[06] Solitude Is Bliss (Canyons 'Dow Jones' Mix).mp3"
2025-12-31T05:09:17 player: played "tameimpala/03-tame_impala-borderline.mp3"
2025-12-31T05:16:30 player: played "tameimpala/12-tame_impala-one_more_hour.mp3"
2025-12-31T05:21:57 player: played "tameimpala/06-tame_impala-tomorrows_dust.mp3"
2025-12-31T05:27:19 player: played "tameimpala/01-tame_impala-one_more_year.mp3"
2025-12-31T10:34:22 player: played "tameimpala/01-tame_impala-one_more_year.mp3"
2025-12-31T10:37:35 player: played "tameimpala/02-tame_impala-instant_destiny.mp3"
2025-12-31T10:41:33 player: played "tameimpala/03-tame_impala-borderline.mp3"
2025-12-31T10:47:39 player: played "tameimpala/04-tame_impala-posthumous_forgiveness.mp3"
2025-12-31T13:16:32 player: played "tameimpala/05-tame_impala-breathe_deeper.mp3"
2025-12-31T13:21:59 player: played "tameimpala/06-tame_impala-tomorrows_dust.mp3"
2025-12-31T13:27:01 player: played "tameimpala/07-tame_impala-on_track.mp3"
2025-12-31T13:31:10 player: played "tameimpala/08-tame_impala-lost_in_yesterday.mp3"
2025-12-31T13:35:08 player: played "tameimpala/09-tame_impala-is_it_true.mp3"
2025-12-31T13:39:41 player: played "tameimpala/10-tame_impala-it_might_be_time.mp3"
2025-12-31T13:41:50 player: played "tameimpala/11-tame_impala-glimmer.mp3"
2025-12-31T13:49:03 player: played "tameimpala/12-tame_impala-one_more_hour.mp3"
2025-12-31T13:50:53 player: played "tameimpala/01-tame_impala-one_more_year.mp3"
2025-12-31T18:08:18 player: played "tameimpala/01. Let It Happen.mp3"
2025-12-31T18:10:07 player: played "tameimpala/02. Nangs.mp3"
2025-12-31T22:44:35 player: played "tameimpala/03. The Moment.mp3"
2026-01-01T22:40:52 player: played "tameimpala/03. The Moment.mp3"
2026-01-02T14:16:37 player: played "tameimpala/03. The Moment.mp3"
2026-01-03T00:05:59 player: played "tameimpala/03. The Moment.mp3"
2026-01-03T12:02:53 player: played "tameimpala/03. The Moment.mp3"
2026-01-03T17:02:47 player: played "tameimpala/03. The Moment.mp3"
2026-01-03T17:09:03 player: played "Queen Albums/[1975] - A Night At The Opera/11 - Bohemian Rhapsody.mp3"
2026-01-03T17:10:15 player: played "Queen Albums/[1975] - A Night At The Opera/12 - God Save The Queen (Instrumental).mp3"
2026-01-03T17:16:49 player: played "Queen Albums/[1974] - Queen II/09 - The March Of the Black Queen.mp3"
2026-01-03T17:19:26 player: played "Queen Albums/[1984] - The Works/09 - Is This The World We Created....mp3"
2026-01-03T17:20:39 player: played "Queen Albums/[1974] - Queen II/01 - Procession.mp3"
2026-01-03T17:25:18 player: played "Queen Albums/[1991] - Innuendo/03 - Headlong.mp3"
2026-01-03T17:28:21 player: played "Queen Albums/[1978] - Jazz/06 - Let Me Entertain You.mp3"
2026-01-03T17:31:44 player: played "Queen Albums/[1975] - A Night At The Opera/10 - Good Company.mp3"
2026-01-03T18:39:07 player: played "Queen Albums/[1995] - Made In Heaven/04 - Mother Love.mp3"
2026-01-03T18:41:56 player: played "Queen Albums/[1989] - The Miracle/02 - Khashoggi's Ship.mp3"
2026-01-03T19:25:15 player: played "Queen Albums/[1984] - The Works/08 - Hammer To Fall.mp3"
2026-01-03T19:48:04 player: played "Queen Albums/[1975] - A Night At The Opera/06 - Sweet Lady.mp3"
2026-01-03T19:51:25 player: played "Queen Albums/[1973] - Queen/08 - Son And Daughter.mp3"
2026-01-03T22:02:40 player: played "Queen Albums/[1977] - News Of The World/07 - Get Down, Make Love.mp3"
2026-01-03T22:12:20 player: played "tameimpala/01. Let It Happen.mp3"
2026-01-03T22:14:08 player: played "tameimpala/02. Nangs.mp3"
2026-01-03T22:18:23 player: played "tameimpala/03. The Moment.mp3"
2026-01-03T22:22:54 player: played "tameimpala/04. Yes I’m Changing.mp3"
2026-01-03T22:28:14 player: played "tameimpala/05. Eventually.mp3"
2026-01-03T22:29:09 player: played "tameimpala/06. Gossip.mp3"
2026-01-03T22:32:48 player: played "tameimpala/07. The Less I Know The Better.mp3"
2026-01-03T22:36:36 player: played "tameimpala/08. Past Life.mp3"
2026-01-03T22:38:24 player: played "tameimpala/09. Disciples.mp3"
2026-01-03T22:42:26 player: played "tameimpala/10. ‘Cause I’m A Man.mp3"
2026-01-03T22:46:39 player: played "tameimpala/11. Reality In Motion.mp3"
2026-01-03T22:49:45 player: played "tameimpala/12. Love Paranoia.mp3"
2026-01-03T22:55:48 player: played "tameimpala/13. New Person, Same Old Mistakes.mp3"
2026-01-03T23:01:10 player: played "tameimpala/01-tame_impala-one_more_year.mp3"
2026-01-03T23:04:23 player: played "tameimpala/02-tame_impala-instant_destiny.mp3"
2026-01-03T23:08:21 player: played "tameimpala/03-tame_impala-borderline.mp3"
2026-01-03T23:14:27 player: played "tameimpala/04-tame_impala-posthumous_forgiveness.mp3"
2026-01-03T23:20:40 player: played "tameimpala/05-tame_impala-breathe_deeper.mp3"
2026-01-03T23:26:07 player: played "tameimpala/06-tame_impala-tomorrows_dust.mp3"
2026-01-03T23:31:09 player: played "tameimpala/07-tame_impala-on_track.mp3"
2026-01-03T23:35:18 player: played "tameimpala/08-tame_impala-lost_in_yesterday.mp3"
2026-01-03T23:43:44 player: played "tameimpala/09-tame_impala-is_it_true.mp3"
2026-01-04T08:55:42 player: played "tameimpala/09-tame_impala-is_it_true.mp3"
2026-01-04T09:00:16 player: played "tameimpala/10-tame_impala-it_might_be_time.mp3"
2026-01-04T09:02:24 player: played "tameimpala/11-tame_impala-glimmer.mp3"
2026-01-04T09:09:38 player: played "tameimpala/12-tame_impala-one_more_hour.mp3"
2026-01-04T10:20:31 player: played "Queen Albums/[1975] - A Night At The Opera/11 - Bohemian Rhapsody.mp3"
2026-01-04T10:21:44 player: played "Queen Albums/[1975] - A Night At The Opera/12 - God Save The Queen (Instrumental).mp3"
2026-01-04T10:31:23 player: played "plastic beach-gorillaz/17 Pirate's Progress.mp3"
2026-01-04T10:32:33 player: played "plastic beach-gorillaz/01 Orchestral Intro (feat. Sinfonia Viva).mp3"
2026-01-04T10:36:09 player: played "plastic beach-gorillaz/02 Welcome to the World of the Plastic Beach (feat. Snoop Dogg & Hypnotic Brass Ensemble).mp3"
2026-01-04T10:39:52 player: played "plastic beach-gorillaz/03 White Flag (feat. Bashy, Kano & the National Orchestra for Arabic Music).mp3"
2026-01-04T10:43:12 player: played "plastic beach-gorillaz/04 Rhinestone Eyes.mp3"
2026-01-04T10:47:43 player: played "plastic beach-gorillaz/05 Stylo (feat. Mos Def & Bobby Womack).mp3"
2026-01-04T10:50:37 player: played "plastic beach-gorillaz/06 Superfast Jellyfish (feat. Gruff Rhys & De La Soul).mp3"
2026-01-04T10:55:21 player: played "plastic beach-gorillaz/07 Empire Ants (feat. Little Dragon).mp3"
2026-01-04T10:59:24 player: played "plastic beach-gorillaz/08 Glitter Freeze (feat. Mark E Smith).mp3"
2026-01-04T11:02:24 player: played "plastic beach-gorillaz/09 Some Kind of Nature (feat. Lou Reed).mp3"
2026-01-04T11:06:18 player: played "plastic beach-gorillaz/10 On Melancholy Hill.mp3"
2026-01-04T15:52:04 player: played "plastic beach-gorillaz/11 Broken.mp3"
2026-01-04T23:00:02 player: played "plastic beach-gorillaz/11 Broken.mp3"
2026-01-05T05:23:30 player: played "plastic beach-gorillaz/11 Broken.mp3"
2026-01-05T05:42:51 player: played "plastic beach-gorillaz/12 Sweepstakes (feat. Mos Def & Hypnotic Brass Ensemble).mp3"
2026-01-05T05:46:38 player: played "plastic beach-gorillaz/13 Plastic Beach (feat. Mick Jones & Paul Simonon).mp3"
2026-01-05T05:50:34 player: played "plastic beach-gorillaz/14 To Binge (feat. Little Dragon).mp3"
2026-01-05T05:53:40 player: played "plastic beach-gorillaz/15 Cloud of Unknowing (feat. Bobby Womack & Sinfonia Viva).mp3"
2026-01-05T05:56:14 player: played "plastic beach-gorillaz/16 Pirate Jet.mp3"
2026-01-05T06:00:44 player: played "Queen Albums/[1978] - Jazz/01 - Mustapha.mp3"
2026-01-05T10:13:58 player: played "Queen Albums/[1973] - Queen/01 - Keep Yourself Alive.mp3"
2026-01-05T10:17:21 player: played "Queen Albums/[1975] - A Night At The Opera/10 - Good Company.mp3"
2026-01-05T10:21:57 player: played "Queen Albums/[1991] - Innuendo/12 - The Show Must Go On.mp3"
2026-01-05T10:28:12 player: played "Queen Albums/[1974] - Queen II/02 - Father To Son.mp3"
2026-01-05T10:31:00 player: played "Queen Albums/[1974] - Sheer Heart Attack/03 - Tenement Funster.mp3"
2026-01-05T10:34:39 player: played "Queen Albums/[1975] - A Night At The Opera/09 - Love Of My Life.mp3"
2026-01-05T10:38:08 player: played "Queen Albums/[1984] - The Works/02 - Tear It Up.mp3"
2026-01-05T10:41:41 player: played "Queen Albums/[1976] - A Day At The Races/03 - Long Away.mp3"
2026-01-05T10:46:17 player: played "Queen Albums/[1986] - A Kind Of Magic/07 - Gimme The Prize (Kurgan's Theme).mp3"
2026-01-05T10:58:13 player: played "Queen Albums/[1991] - Innuendo/01 - Innuendo.mp3"
2026-01-05T11:01:14 player: played "Queen Albums/[1974] - Sheer Heart Attack/02 - Killer Queen.mp3"
2026-01-05T11:06:25 player: played "Queen Albums/[1984] - The Works/05 - Machines (Or 'Back To Humans').mp3"
2026-01-05T11:11:08 player: played "Queen Albums/[1991] - Innuendo/06 - Ride The Wild Wind.mp3"
2026-01-05T11:14:41 player: played "Queen Albums/[1982] - Hot Space/05 - Action This Day.mp3"
2026-01-05T11:19:28 player: played "Queen Albums/[1995] - Made In Heaven/03 - Let Me Live.mp3"
2026-01-05T23:58:08 player: played "Queen Albums/[1984] - The Works/03 - It's A Hard Life.mp3"
2026-01-06T23:03:44 player: played "Queen Albums/[1984] - The Works/03 - It's A Hard Life.mp3"
2026-01-06T23:18:55 player: played "Queen Albums/[1984] - The Works/03 - It's A Hard Life.mp3"
2026-01-07T21:52:33 player: played "Queen Albums/[1984] - The Works/03 - It's A Hard Life.mp3"
2026-01-09T01:28:15 player: played "Queen Albums/[1984] - The Works/03 - It's A Hard Life.mp3"
2026-01-09T22:45:39 player: played "Queen Albums/[1984] - The Works/03 - It's A Hard Life.mp3"
2026-01-10T21:59:36 player: played "Queen Albums/[1984] - The Works/03 - It's A Hard Life.mp3"
2026-01-11T08:38:02 player: played "Queen Albums/[1984] - The Works/03 - It's A Hard Life.mp3"
2026-01-11T11:02:52 player: played "tameimpala/01. Let It Happen.mp3"
2026-01-11T11:05:00 player: played "tameimpala/02. Nangs.mp3"
2026-01-11T23:12:30 player: played "tameimpala/03. The Moment.mp3"
2026-01-12T21:43:59 player: played "tameimpala/03. The Moment.mp3"
2026-01-13T22:34:04 player: played "tameimpala/03. The Moment.mp3"
2026-01-13T23:04:15 player: played "tameimpala/04. Yes I’m Changing.mp3"
2026-01-14T21:59:34 player: played "tameimpala/04. Yes I’m Changing.mp3"
2026-01-14T22:04:53 player: played "tameimpala/05. Eventually.mp3"
2026-01-14T22:05:49 player: played "tameimpala/06. Gossip.mp3"
2026-01-14T22:09:28 player: played "tameimpala/07. The Less I Know The Better.mp3"
2026-01-14T22:13:16 player: played "tameimpala/08. Past Life.mp3"
2026-01-14T22:15:04 player: played "tameimpala/09. Disciples.mp3"
2026-01-14T22:19:06 player: played "tameimpala/10. ‘Cause I’m A Man.mp3"
2026-01-14T22:23:19 player: played "tameimpala/11. Reality In Motion.mp3"
2026-01-14T22:26:25 player: played "tameimpala/12. Love Paranoia.mp3"
2026-01-14T22:32:28 player: played "tameimpala/13. New Person, Same Old Mistakes.mp3"
2026-01-14T22:40:14 player: played "tameimpala/01. Let It Happen.mp3"
2026-01-14T22:42:03 player: played "tameimpala/02. Nangs.mp3"
2026-01-14T22:46:18 player: played "tameimpala/03. The Moment.mp3"
2026-01-14T22:50:49 player: played "tameimpala/04. Yes I’m Changing.mp3"
2026-01-14T22:56:08 player: played "tameimpala/05. Eventually.mp3"
2026-01-14T22:57:03 player: played "tameimpala/06. Gossip.mp3"
2026-01-14T23:00:42 player: played "tameimpala/07. The Less I Know The Better.mp3"
2026-01-14T23:04:30 player: played "tameimpala/08. Past Life.mp3"
2026-01-14T23:06:19 player: played "tameimpala/09. Disciples.mp3"
2026-01-14T23:08:47 player: played "tameimpala/10. ‘Cause I’m A Man.mp3"
2026-01-15T09:20:45 player: played "tameimpala/10. ‘Cause I’m A Man.mp3"
2026-01-15T09:24:57 player: played "tameimpala/11. Reality In Motion.mp3"
2026-01-15T09:28:04 player: played "tameimpala/12. Love Paranoia.mp3"
2026-01-15T09:34:06 player: played "tameimpala/13. New Person, Same Old Mistakes.mp3"
2026-01-15T09:41:53 player: played "tameimpala/01. Let It Happen.mp3"
2026-01-15T09:43:41 player: played "tameimpala/02. Nangs.mp3"
2026-01-15T09:47:57 player: played "tameimpala/03. The Moment.mp3"
2026-01-15T09:52:27 player: played "tameimpala/04. Yes I’m Changing.mp3"
2026-01-15T09:57:46 player: played "tameimpala/05. Eventually.mp3"
2026-01-15T09:58:42 player: played "tameimpala/06. Gossip.mp3"
2026-01-15T10:27:13 player: played "tameimpala/07. The Less I Know The Better.mp3"
2026-01-15T10:33:22 player: played "tameimpala/08. Past Life.mp3"
2026-01-15T10:35:10 player: played "tameimpala/09. Disciples.mp3"
2026-01-15T10:39:12 player: played "tameimpala/10. ‘Cause I’m A Man.mp3"
2026-01-15T10:43:25 player: played "tameimpala/11. Reality In Motion.mp3"
2026-01-15T10:46:31 player: played "tameimpala/12. Love Paranoia.mp3"
2026-01-15T10:52:33 player: played "tameimpala/13. New Person, Same Old Mistakes.mp3"
2026-01-15T11:00:20 player: played "tameimpala/01. Let It Happen.mp3"
2026-01-15T11:02:08 player: played "tameimpala/02. Nangs.mp3"
2026-01-15T15:15:34 player: played "tameimpala/03. The Moment.mp3"
2026-01-15T15:20:05 player: played "tameimpala/04. Yes I’m Changing.mp3"
2026-01-15T16:13:14 player: played "tameimpala/05. Eventually.mp3"
2026-01-15T16:14:10 player: played "tameimpala/06. Gossip.mp3"
2026-01-15T16:17:49 player: played "tameimpala/07. The Less I Know The Better.mp3"
2026-01-15T16:21:37 player: played "tameimpala/08. Past Life.mp3"
2026-01-15T16:23:25 player: played "tameimpala/09. Disciples.mp3"
2026-01-15T16:27:27 player: played "tameimpala/10. ‘Cause I’m A Man.mp3"
2026-01-15T16:31:40 player: played "tameimpala/11. Reality In Motion.mp3"
2026-01-15T16:34:46 player: played "tameimpala/12. Love Paranoia.mp3"
2026-01-15T16:40:48 player: played "tameimpala/13. New Person, Same Old Mistakes.mp3"
Note: Illegal Audio-MPEG-Header 0x00000000 at offset 148749.
Note: Trying to resync...
Note: Hit end of (available) data during resync.
2026-01-15T21:51:53 mpg123: mpg123_getformat() failed: Message: I am done with this track.
Note: Illegal Audio-MPEG-Header 0x00000000 at offset 148749.
Note: Trying to resync...
Note: Hit end of (available) data during resync.
2026-01-15T21:51:53 mpg123: mpg123_getformat() failed: Message: I am done with this track.
2026-01-15T21:51:53 ffmpeg/h263: Format h263 detected only with low score of 24, misdetection possible!
2026-01-15T21:51:53 ffmpeg/h263: Bad picture start code
2026-01-15T21:51:53 ffmpeg/h263: header damaged
2026-01-15T21:51:53 ffmpeg/h263: Could not find codec parameters for stream 0 (Video: h263, none): unspecified size
Consider increasing the value for the 'analyzeduration' (0) and 'probesize' (5000000) options
Note: Illegal Audio-MPEG-Header 0x00000000 at offset 158791.
Note: Trying to resync...
Note: Hit end of (available) data during resync.
2026-01-15T21:51:53 mpg123: mpg123_getformat() failed: Message: I am done with this track.
Note: Illegal Audio-MPEG-Header 0x00000000 at offset 158791.
Note: Trying to resync...
Note: Hit end of (available) data during resync.
2026-01-15T21:51:53 mpg123: mpg123_getformat() failed: Message: I am done with this track.
2026-01-15T21:51:53 ffmpeg/mp3: Format mp3 detected only with low score of 24, misdetection possible!
2026-01-15T21:51:53 ffmpeg/mp3: Failed to find two consecutive MPEG audio frames.
Note: Illegal Audio-MPEG-Header 0x00000000 at offset 159432.
Note: Trying to resync...
Note: Hit end of (available) data during resync.
2026-01-15T21:51:53 mpg123: mpg123_getformat() failed: Message: I am done with this track.
Note: Illegal Audio-MPEG-Header 0x00000000 at offset 159432.
Note: Trying to resync...
Note: Hit end of (available) data during resync.
2026-01-15T21:51:53 mpg123: mpg123_getformat() failed: Message: I am done with this track.
2026-01-15T21:51:53 ffmpeg/mp3: Format mp3 detected only with low score of 24, misdetection possible!
2026-01-15T21:51:53 ffmpeg/mp3: Failed to find two consecutive MPEG audio frames.
Note: Illegal Audio-MPEG-Header 0x00000000 at offset 158792.
Note: Trying to resync...
Note: Hit end of (available) data during resync.
2026-01-15T21:51:53 mpg123: mpg123_getformat() failed: Message: I am done with this track.
Note: Illegal Audio-MPEG-Header 0x00000000 at offset 158792.
Note: Trying to resync...
Note: Hit end of (available) data during resync.
2026-01-15T21:51:53 mpg123: mpg123_getformat() failed: Message: I am done with this track.
2026-01-15T21:51:53 ffmpeg/mp3: Format mp3 detected only with low score of 24, misdetection possible!
2026-01-15T21:51:53 ffmpeg/mp3: Failed to find two consecutive MPEG audio frames.
2026-01-15T22:31:23 player: played "tameimpala/01. Let It Happen.mp3"
2026-01-16T23:08:00 player: played "tameimpala/01. Let It Happen.mp3"
2026-01-16T23:09:48 player: played "tameimpala/02. Nangs.mp3"
2026-01-16T23:14:04 player: played "tameimpala/03. The Moment.mp3"
2026-01-16T23:18:34 player: played "tameimpala/04. Yes I’m Changing.mp3"
2026-01-16T23:23:53 player: played "tameimpala/05. Eventually.mp3"
2026-01-16T23:24:49 player: played "tameimpala/06. Gossip.mp3"
2026-01-16T23:28:28 player: played "tameimpala/07. The Less I Know The Better.mp3"
2026-01-16T23:32:15 player: played "tameimpala/08. Past Life.mp3"
2026-01-16T23:34:04 player: played "tameimpala/09. Disciples.mp3"
2026-01-16T23:38:06 player: played "tameimpala/10. ‘Cause I’m A Man.mp3"
2026-01-16T23:44:24 player: played "tameimpala/11. Reality In Motion.mp3"
2026-01-17T11:53:45 player: played "tameimpala/11. Reality In Motion.mp3"
2026-01-17T11:56:52 player: played "tameimpala/12. Love Paranoia.mp3"
2026-01-17T12:02:54 player: played "tameimpala/13. New Person, Same Old Mistakes.mp3"
2026-01-17T12:10:41 player: played "tameimpala/01. Let It Happen.mp3"
2026-01-17T12:12:29 player: played "tameimpala/02. Nangs.mp3"
2026-01-17T12:16:45 player: played "tameimpala/03. The Moment.mp3"
2026-01-17T12:21:15 player: played "tameimpala/04. Yes I’m Changing.mp3"
2026-01-17T12:47:04 player: played "tameimpala/01. Let It Happen.mp3"
2026-01-17T12:48:19 player: played "Math Rock/Astray Life_SpotiDost.mp3"
2026-01-17T12:51:51 player: played "Math Rock/Chevalier Bulltoe_SpotiDost.mp3"
2026-01-17T12:56:00 player: played "Math Rock/Deep Inside_SpotiDost.mp3"
2026-01-17T13:01:28 player: played "Math Rock/Elm_SpotiDost.mp3"
2026-01-17T13:06:03 player: played "Math Rock/Imprimatura_SpotiDost.mp3"
2026-01-17T13:10:39 player: played "Math Rock/In the Absence of Strong Evidence to the Contrary, One May Step Out of the Way of the Charging Bull_SpotiDost.mp3"
2026-01-17T13:20:54 player: played "Math Rock/Objets de Vertu_SpotiDost.mp3"
2026-01-17T13:24:50 player: played "Math Rock/Open Closed Open_SpotiDost.mp3"
2026-01-17T13:30:04 player: played "JKT48/Heavy Rotation - JKT48.mp3"
2026-01-17T13:34:39 player: played "JKT48/Only Today - JKT48.mp3"
2026-01-17T13:39:23 player: played "JKT48/Fortune Cookie - JKT48.mp3"
2026-01-17T13:40:41 player: played "JKT48/Seventeen - JKT48.mp3"
2026-01-17T13:51:50 player: played "plastic beach-gorillaz/17 Pirate's Progress.mp3"
2026-01-18T00:11:44 player: played "plastic beach-gorillaz/01 Orchestral Intro (feat. Sinfonia Viva).mp3"
2026-01-18T22:07:50 player: played "plastic beach-gorillaz/01 Orchestral Intro (feat. Sinfonia Viva).mp3"
2026-01-19T20:14:11 player: played "plastic beach-gorillaz/01 Orchestral Intro (feat. Sinfonia Viva).mp3"
2026-01-19T23:00:45 player: played "plastic beach-gorillaz/02 Welcome to the World of the Plastic Beach (feat. Snoop Dogg & Hypnotic Brass Ensemble).mp3"
2026-01-20T13:54:58 player: played "plastic beach-gorillaz/02 Welcome to the World of the Plastic Beach (feat. Snoop Dogg & Hypnotic Brass Ensemble).mp3"
2026-01-20T14:01:34 player: played "tameimpala/01-tame_impala-one_more_year.mp3"
2026-01-20T14:04:47 player: played "tameimpala/02-tame_impala-instant_destiny.mp3"
2026-01-20T14:08:45 player: played "tameimpala/03-tame_impala-borderline.mp3"
2026-01-20T14:14:51 player: played "tameimpala/04-tame_impala-posthumous_forgiveness.mp3"
2026-01-20T14:21:04 player: played "tameimpala/05-tame_impala-breathe_deeper.mp3"
2026-01-20T14:26:31 player: played "tameimpala/06-tame_impala-tomorrows_dust.mp3"
2026-01-20T14:31:32 player: played "tameimpala/07-tame_impala-on_track.mp3"
2026-01-20T14:46:23 player: played "tameimpala/08-tame_impala-lost_in_yesterday.mp3"
2026-01-20T14:50:21 player: played "tameimpala/09-tame_impala-is_it_true.mp3"
2026-01-20T14:54:54 player: played "tameimpala/10-tame_impala-it_might_be_time.mp3"
2026-01-20T14:57:03 player: played "tameimpala/11-tame_impala-glimmer.mp3"
2026-01-20T15:04:16 player: played "tameimpala/12-tame_impala-one_more_hour.mp3"
2026-01-20T15:04:29 player: played "tameimpala/01-tame_impala-one_more_year.mp3"
2026-01-21T11:14:45 player: played "tameimpala/01. Let It Happen.mp3"
2026-01-21T11:16:33 player: played "tameimpala/02. Nangs.mp3"
2026-01-21T11:20:48 player: played "tameimpala/03. The Moment.mp3"
2026-01-21T11:25:19 player: played "tameimpala/04. Yes I’m Changing.mp3"
2026-01-21T11:30:38 player: played "tameimpala/05. Eventually.mp3"
2026-01-21T11:31:34 player: played "tameimpala/06. Gossip.mp3"
2026-01-21T11:35:12 player: played "tameimpala/07. The Less I Know The Better.mp3"
2026-01-21T11:39:00 player: played "tameimpala/08. Past Life.mp3"
2026-01-21T11:40:49 player: played "tameimpala/09. Disciples.mp3"
2026-01-21T11:44:51 player: played "tameimpala/10. ‘Cause I’m A Man.mp3"
2026-01-21T11:49:04 player: played "tameimpala/11. Reality In Motion.mp3"
2026-01-21T11:53:44 player: played "tameimpala/12. Love Paranoia.mp3"
2026-01-21T11:56:56 pipewire_output: Decoder is too slow; playing silence to avoid xrun
2026-01-21T12:01:36 player: played "tameimpala/[07] Feels Like We Only Go Backwards.mp3"
2026-01-21T13:03:08 player: played "tameimpala/[08] Keep On Lying.mp3"
2026-01-21T13:04:06 player: played "tameimpala/[10] She Just Won't Believe Me.mp3"
2026-01-21T13:10:05 player: played "tameimpala/[11] Nothing That Has Happened So Far Has Been Anything We Could Control.mp3"
2026-01-21T13:15:26 player: played "tameimpala/[12] Sun's Coming Up.mp3"
2026-01-21T13:21:48 player: played "tameimpala/[01] Apocalypse Dreams (Live).mp3"
2026-01-21T13:25:36 player: played "tameimpala/[02] Elephant (Live).mp3"
2026-01-21T13:28:56 player: played "tameimpala/[03] Feels Like We Only Go Backwards (Live).mp3"
2026-01-21T13:30:42 player: played "tameimpala/[01] A - Led Zeppelin.mp3"
2026-01-21T13:38:44 player: played "tameimpala/01. Let It Happen.mp3"
2026-01-21T13:40:32 player: played "tameimpala/02. Nangs.mp3"
2026-01-21T13:44:47 player: played "tameimpala/03. The Moment.mp3"
2026-01-21T13:49:18 player: played "tameimpala/04. Yes I’m Changing.mp3"
2026-01-21T15:19:56 player: played "tameimpala/05. Eventually.mp3"
2026-01-21T15:20:52 player: played "tameimpala/06. Gossip.mp3"
2026-01-21T15:24:31 player: played "tameimpala/07. The Less I Know The Better.mp3"
2026-01-21T15:48:19 player: played "tameimpala/08. Past Life.mp3"
2026-01-21T15:50:08 player: played "tameimpala/09. Disciples.mp3"
2026-01-21T15:54:10 player: played "tameimpala/10. ‘Cause I’m A Man.mp3"
2026-01-21T15:58:23 player: played "tameimpala/11. Reality In Motion.mp3"
2026-01-21T16:01:29 player: played "tameimpala/12. Love Paranoia.mp3"
2026-01-21T20:49:46 player: played "tameimpala/13. New Person, Same Old Mistakes.mp3"
2026-01-21T20:57:33 player: played "tameimpala/01. Let It Happen.mp3"
2026-01-21T20:59:21 player: played "tameimpala/02. Nangs.mp3"
2026-01-21T21:03:36 player: played "tameimpala/03. The Moment.mp3"
2026-01-21T23:36:09 player: played "tameimpala/04. Yes I’m Changing.mp3"
2026-01-22T23:16:05 player: played "tameimpala/04. Yes I’m Changing.mp3"
2026-01-22T23:21:29 update: removing JKT48/Seventeen - JKT48.mp3
2026-01-22T23:21:29 update: removing JKT48/Aitakatta - JKT48.mp3
2026-01-22T23:21:29 update: removing JKT48/Heavy Rotation - JKT48.mp3
2026-01-22T23:21:29 update: removing JKT48/Only Today - JKT48.mp3
2026-01-22T23:21:29 update: removing JKT48/Fortune Cookie - JKT48.mp3
2026-01-22T23:22:29 player: played "tameimpala/04. Yes I’m Changing.mp3"
2026-01-23T09:02:33 player: played "tameimpala/01. Let It Happen.mp3"
2026-01-23T09:04:21 player: played "tameimpala/02. Nangs.mp3"
2026-01-23T09:08:36 player: played "tameimpala/03. The Moment.mp3"
2026-01-23T09:13:07 player: played "tameimpala/04. Yes I’m Changing.mp3"
2026-01-23T09:18:26 player: played "tameimpala/05. Eventually.mp3"
2026-01-23T09:19:22 player: played "tameimpala/06. Gossip.mp3"
2026-01-23T09:23:01 player: played "tameimpala/07. The Less I Know The Better.mp3"
2026-01-23T09:26:49 player: played "tameimpala/08. Past Life.mp3"
2026-01-23T09:28:37 player: played "tameimpala/09. Disciples.mp3"
2026-01-23T09:32:39 player: played "tameimpala/10. ‘Cause I’m A Man.mp3"
2026-01-23T09:36:52 player: played "tameimpala/11. Reality In Motion.mp3"
2026-01-23T09:39:58 player: played "tameimpala/12. Love Paranoia.mp3"
2026-01-23T09:46:00 player: played "tameimpala/13. New Person, Same Old Mistakes.mp3"
2026-01-23T09:53:48 player: played "tameimpala/01. Let It Happen.mp3"
2026-01-23T09:55:35 player: played "tameimpala/02. Nangs.mp3"
2026-01-23T09:59:51 player: played "tameimpala/03. The Moment.mp3"
2026-01-23T10:04:22 player: played "tameimpala/04. Yes I’m Changing.mp3"
2026-01-23T10:09:41 player: played "tameimpala/05. Eventually.mp3"
2026-01-23T10:10:36 player: played "tameimpala/06. Gossip.mp3"
2026-01-24T01:48:30 player: played "tameimpala/07. The Less I Know The Better.mp3"
2026-01-24T11:23:05 player: played "tameimpala/07. The Less I Know The Better.mp3"
2026-01-24T14:42:28 player: played "tameimpala/08. Past Life.mp3"
2026-01-24T14:48:05 player: played "tameimpala/01-tame_impala-one_more_year.mp3"
2026-01-24T14:51:19 player: played "tameimpala/02-tame_impala-instant_destiny.mp3"
2026-01-24T14:55:17 player: played "tameimpala/03-tame_impala-borderline.mp3"
2026-01-24T15:01:23 player: played "tameimpala/04-tame_impala-posthumous_forgiveness.mp3"
2026-01-24T15:07:35 player: played "tameimpala/05-tame_impala-breathe_deeper.mp3"
2026-01-24T15:13:02 player: played "tameimpala/06-tame_impala-tomorrows_dust.mp3"
2026-01-24T15:18:04 player: played "tameimpala/07-tame_impala-on_track.mp3"
2026-01-24T15:22:13 player: played "tameimpala/08-tame_impala-lost_in_yesterday.mp3"
2026-01-24T16:06:05 player: played "tameimpala/09-tame_impala-is_it_true.mp3"
2026-01-24T16:10:38 player: played "tameimpala/10-tame_impala-it_might_be_time.mp3"
2026-01-24T16:12:46 player: played "tameimpala/11-tame_impala-glimmer.mp3"
2026-01-24T16:19:59 player: played "tameimpala/12-tame_impala-one_more_hour.mp3"
2026-01-24T16:25:22 player: played "tameimpala/01-tame_impala-one_more_year.mp3"
2026-01-24T16:28:35 player: played "tameimpala/02-tame_impala-instant_destiny.mp3"
2026-01-24T16:32:33 player: played "tameimpala/03-tame_impala-borderline.mp3"
2026-01-24T16:41:26 player: played "tameimpala/04-tame_impala-posthumous_forgiveness.mp3"
2026-01-24T21:05:14 player: played "tameimpala/05-tame_impala-breathe_deeper.mp3"
2026-01-25T22:29:50 player: played "tameimpala/05-tame_impala-breathe_deeper.mp3"
2026-01-26T07:05:45 player: played "tameimpala/05-tame_impala-breathe_deeper.mp3"
2026-01-26T23:37:46 player: played "tameimpala/05-tame_impala-breathe_deeper.mp3"
2026-01-27T23:50:07 player: played "tameimpala/05-tame_impala-breathe_deeper.mp3"
2026-01-28T20:58:22 player: played "tameimpala/05-tame_impala-breathe_deeper.mp3"
2026-01-28T23:11:30 player: played "tameimpala/06-tame_impala-tomorrows_dust.mp3"
2026-01-29T11:35:56 player: played "tameimpala/06-tame_impala-tomorrows_dust.mp3"
2026-01-29T16:31:00 player: played "tameimpala/06-tame_impala-tomorrows_dust.mp3"
2026-01-29T23:48:34 player: played "tameimpala/06-tame_impala-tomorrows_dust.mp3"
2026-01-30T00:09:45 player: played "tameimpala/06-tame_impala-tomorrows_dust.mp3"
2026-01-30T00:13:06 player: played "tameimpala/06-tame_impala-tomorrows_dust.mp3"
2026-01-30T13:22:21 player: played "tameimpala/06-tame_impala-tomorrows_dust.mp3"
2026-01-30T13:27:22 player: played "tameimpala/07-tame_impala-on_track.mp3"
2026-01-30T13:29:49 player: played "tameimpala/08-tame_impala-lost_in_yesterday.mp3"
2026-01-30T15:29:51 player: played "tameimpala/08-tame_impala-lost_in_yesterday.mp3"
2026-01-30T15:51:24 player: played "tameimpala/08-tame_impala-lost_in_yesterday.mp3"
2026-01-31T22:20:14 player: played "tameimpala/08-tame_impala-lost_in_yesterday.mp3"
2026-02-01T20:19:42 player: played "tameimpala/08-tame_impala-lost_in_yesterday.mp3"
2026-02-01T20:23:41 player: played "tameimpala/09-tame_impala-is_it_true.mp3"
2026-02-01T20:28:14 player: played "tameimpala/10-tame_impala-it_might_be_time.mp3"
2026-02-01T20:30:22 player: played "tameimpala/11-tame_impala-glimmer.mp3"
2026-02-01T20:37:35 player: played "tameimpala/12-tame_impala-one_more_hour.mp3"
2026-02-01T21:09:10 player: played "tameimpala/01-tame_impala-one_more_year.mp3"
2026-02-01T21:12:23 player: played "tameimpala/02-tame_impala-instant_destiny.mp3"
2026-02-02T01:08:41 player: played "tameimpala/03-tame_impala-borderline.mp3"
2026-02-02T10:16:15 player: played "tameimpala/03-tame_impala-borderline.mp3"
2026-02-02T13:20:43 output: Failed to play on "mpd pipewire output" (pipewire): connection error
2026-02-02T13:23:31 pipewire_output: Decoder is too slow; playing silence to avoid xrun
2026-02-02T13:23:32 pipewire_output: Decoder is too slow; playing silence to avoid xrun
2026-02-02T13:29:13 player: played "tameimpala/03-tame_impala-borderline.mp3"
2026-02-02T13:49:04 output: Failed to play on "mpd pipewire output" (pipewire): connection error
2026-02-02T13:56:53 player: played "tameimpala/03-tame_impala-borderline.mp3"
2026-02-02T14:52:44 player: played "tameimpala/03-tame_impala-borderline.mp3"
2026-02-03T07:56:00 player: played "tameimpala/03-tame_impala-borderline.mp3"
2026-02-03T11:15:41 player: played "tameimpala/03-tame_impala-borderline.mp3"
2026-02-03T22:02:37 player: played "tameimpala/03-tame_impala-borderline.mp3"
2026-02-04T15:47:14 player: played "tameimpala/03-tame_impala-borderline.mp3"
2026-02-04T15:49:13 player: played "tameimpala/03-tame_impala-borderline.mp3"
2026-02-04T22:02:38 player: played "tameimpala/03-tame_impala-borderline.mp3"
2026-02-05T10:50:41 player: played "tameimpala/03-tame_impala-borderline.mp3"
2026-02-05T22:59:06 player: played "tameimpala/03-tame_impala-borderline.mp3"
2026-02-06T11:40:53 player: played "tameimpala/03-tame_impala-borderline.mp3"
2026-02-07T16:07:37 player: played "tameimpala/03-tame_impala-borderline.mp3"
2026-02-08T22:32:23 player: played "tameimpala/03-tame_impala-borderline.mp3"
2026-02-09T10:23:18 player: played "tameimpala/02-tame_impala-instant_destiny.mp3"
2026-02-09T22:23:43 player: played "tameimpala/01-tame_impala-one_more_year.mp3"
2026-02-10T23:33:40 player: played "tameimpala/01-tame_impala-one_more_year.mp3"
2026-02-11T09:22:36 player: played "tameimpala/01-tame_impala-one_more_year.mp3"
2026-02-11T17:40:53 player: played "tameimpala/01-tame_impala-one_more_year.mp3"
2026-02-12T11:09:58 player: played "tameimpala/01-tame_impala-one_more_year.mp3"
2026-02-12T15:37:10 player: played "tameimpala/01-tame_impala-one_more_year.mp3"
2026-02-13T03:37:47 player: played "tameimpala/01-tame_impala-one_more_year.mp3"
2026-02-14T22:21:12 player: played "tameimpala/01-tame_impala-one_more_year.mp3"
2026-02-15T05:47:29 player: played "tameimpala/01-tame_impala-one_more_year.mp3"
2026-02-15T05:50:42 player: played "tameimpala/02-tame_impala-instant_destiny.mp3"
2026-02-15T05:54:40 player: played "tameimpala/03-tame_impala-borderline.mp3"
2026-02-15T06:00:46 player: played "tameimpala/04-tame_impala-posthumous_forgiveness.mp3"
2026-02-15T06:20:13 player: played "tameimpala/05-tame_impala-breathe_deeper.mp3"
2026-02-15T06:46:42 player: played "tameimpala/05-tame_impala-breathe_deeper.mp3"
2026-02-15T10:26:42 player: played "tameimpala/05-tame_impala-breathe_deeper.mp3"
2026-02-15T18:42:13 player: played "tameimpala/06-tame_impala-tomorrows_dust.mp3"
2026-02-15T18:47:15 player: played "tameimpala/07-tame_impala-on_track.mp3"
2026-02-15T20:07:19 player: played "tameimpala/08-tame_impala-lost_in_yesterday.mp3"
2026-02-15T20:11:17 player: played "tameimpala/09-tame_impala-is_it_true.mp3"
2026-02-15T20:15:50 player: played "tameimpala/10-tame_impala-it_might_be_time.mp3"
2026-02-15T20:17:59 player: played "tameimpala/11-tame_impala-glimmer.mp3"
2026-02-15T22:09:16 player: played "tameimpala/12-tame_impala-one_more_hour.mp3"
2026-02-16T17:10:42 player: played "tameimpala/12-tame_impala-one_more_hour.mp3"
2026-02-16T21:19:06 player: played "tameimpala/01-tame_impala-one_more_year.mp3"
2026-02-16T21:22:52 player: played "tameimpala/[01] Be Above It.mp3"
2026-02-16T21:25:58 player: played "tameimpala/[02] Endors Toi.mp3"
2026-02-16T21:31:55 player: played "tameimpala/[03] Apocalypse Dreams.mp3"
2026-02-16T21:36:27 player: played "tameimpala/[04] Mind Mischief.mp3"
2026-02-16T21:41:39 player: played "tameimpala/[05] Music To Walk Home By.mp3"
2026-02-16T21:46:26 player: played "tameimpala/[06] Why Won't They Talk To Me-.mp3"
2026-02-16T21:49:39 player: played "tameimpala/[07] Feels Like We Only Go Backwards.mp3"
2026-02-16T21:55:32 player: played "tameimpala/[08] Keep On Lying.mp3"
2026-02-16T21:56:30 player: played "tameimpala/[10] She Just Won't Believe Me.mp3"
2026-02-16T22:02:29 player: played "tameimpala/[11] Nothing That Has Happened So Far Has Been Anything We Could Control.mp3"
2026-02-16T22:07:50 player: played "tameimpala/[12] Sun's Coming Up.mp3"
2026-02-16T22:14:12 player: played "tameimpala/[01] Apocalypse Dreams (Live).mp3"
2026-02-16T22:17:59 player: played "tameimpala/[02] Elephant (Live).mp3"
2026-02-16T22:21:20 player: played "tameimpala/[03] Feels Like We Only Go Backwards (Live).mp3"
2026-02-16T22:24:28 player: played "tameimpala/[01] A - Led Zeppelin.mp3"
2026-02-16T22:27:34 player: played "tameimpala/[02] B - Beverly Laurel.mp3"
2026-02-16T22:37:34 player: played "tameimpala/[01] Be Above It.mp3"
2026-02-17T10:02:03 player: played "tameimpala/[01] Be Above It.mp3"
2026-02-17T23:07:31 player: played "tameimpala/[01] Be Above It.mp3"
2026-02-18T23:01:47 player: played "tameimpala/[01] Be Above It.mp3"
2026-02-19T13:08:13 player: played "tameimpala/[01] Be Above It.mp3"
2026-02-19T13:11:20 player: played "tameimpala/[02] Endors Toi.mp3"
2026-02-20T04:29:20 player: played "tameimpala/[03] Apocalypse Dreams.mp3"
2026-02-20T06:25:51 player: played "tameimpala/[03] Apocalypse Dreams.mp3"
2026-02-20T16:01:40 player: played "tameimpala/[03] Apocalypse Dreams.mp3"
2026-02-21T04:13:22 player: played "tameimpala/[03] Apocalypse Dreams.mp3"
2026-02-21T23:18:59 player: played "tameimpala/[03] Apocalypse Dreams.mp3"
2026-02-22T21:21:43 player: played "tameimpala/[03] Apocalypse Dreams.mp3"
2026-02-23T05:23:41 player: played "tameimpala/[01] Be Above It.mp3"
2026-02-23T05:26:48 player: played "tameimpala/[02] Endors Toi.mp3"
2026-02-23T05:32:45 player: played "tameimpala/[03] Apocalypse Dreams.mp3"
2026-02-23T05:37:17 player: played "tameimpala/[04] Mind Mischief.mp3"
2026-02-23T05:42:29 player: played "tameimpala/[05] Music To Walk Home By.mp3"
2026-02-23T05:48:31 player: played "tameimpala/[06] Why Won't They Talk To Me-.mp3"
2026-02-23T05:51:44 player: played "tameimpala/[07] Feels Like We Only Go Backwards.mp3"
2026-02-23T05:57:38 player: played "tameimpala/[08] Keep On Lying.mp3"
2026-02-23T05:58:35 player: played "tameimpala/[10] She Just Won't Believe Me.mp3"
2026-02-23T06:04:35 player: played "tameimpala/[11] Nothing That Has Happened So Far Has Been Anything We Could Control.mp3"
2026-02-23T06:09:55 player: played "tameimpala/[12] Sun's Coming Up.mp3"
2026-02-23T06:15:04 player: played "tameimpala/[01] A - Led Zeppelin.mp3"
2026-02-23T06:27:24 player: played "tameimpala/[08] Keep On Lying.mp3"
2026-02-23T06:32:38 player: played "tameimpala/[05] Music To Walk Home By.mp3"
2026-02-23T06:37:24 player: played "tameimpala/[06] Why Won't They Talk To Me-.mp3"
2026-02-23T06:41:08 player: played "tameimpala/[07] Feels Like We Only Go Backwards.mp3"
2026-02-23T06:47:02 player: played "tameimpala/[08] Keep On Lying.mp3"
2026-02-23T07:39:43 player: played "tameimpala/[10] She Just Won't Believe Me.mp3"
2026-02-23T07:39:54 player: played "tameimpala/[11] Nothing That Has Happened So Far Has Been Anything We Could Control.mp3"
2026-02-23T07:45:44 player: played "tameimpala/01-tame_impala-one_more_year.mp3"
2026-02-23T07:48:58 player: played "tameimpala/02-tame_impala-instant_destiny.mp3"
2026-02-23T07:52:55 player: played "tameimpala/03-tame_impala-borderline.mp3"
2026-02-24T00:21:58 player: played "tameimpala/04-tame_impala-posthumous_forgiveness.mp3"
2026-02-24T05:00:11 player: played "tameimpala/04-tame_impala-posthumous_forgiveness.mp3"
2026-02-24T11:59:18 player: played "tameimpala/04-tame_impala-posthumous_forgiveness.mp3"
2026-02-24T21:49:02 player: played "tameimpala/04-tame_impala-posthumous_forgiveness.mp3"
2026-02-25T08:58:16 player: played "tameimpala/04-tame_impala-posthumous_forgiveness.mp3"
2026-02-25T16:50:20 player: played "tameimpala/04-tame_impala-posthumous_forgiveness.mp3"
2026-02-25T20:50:09 player: played "tameimpala/04-tame_impala-posthumous_forgiveness.mp3"
2026-02-25T20:54:31 player: played "Minecraft/Minecraft Volume Beta/14. Kyoto.mp3"
2026-02-25T20:59:40 player: played "Minecraft/Minecraft Volume Beta/13. Aria Math.mp3"
2026-02-25T21:01:16 player: played "Minecraft/Minecraft Volume Alpha/23 - Droopy Likes Ricochet.mp3"
2026-02-25T21:05:51 player: played "Minecraft/Minecraft Volume Beta/15. Ballad of the Cats.mp3"
2026-02-25T21:07:19 player: played "Minecraft/Minecraft Volume Alpha/15 - Chris.mp3"
2026-02-25T21:10:14 player: played "Minecraft/Minecraft Volume Beta/17. Beginning 2.mp3"
2026-02-25T21:13:22 player: played "Minecraft/Minecraft Volume Beta/24. Strad.mp3"
2026-02-25T21:14:59 player: played "Minecraft/Minecraft Volume Beta/22. Mellohi.mp3"
2026-02-25T21:18:11 player: played "Minecraft/Minecraft Volume Beta/29. Far.mp3"
2026-02-25T21:20:21 player: played "Minecraft/Minecraft Volume Alpha/20 - Dog.mp3"
2026-02-25T21:23:01 player: played "Minecraft/Minecraft Volume Alpha/06 - Moog City.mp3"
2026-02-25T21:24:56 player: played "Minecraft/Minecraft Volume Alpha/10 - Équinoxe.mp3"
2026-02-25T21:26:28 player: played "Minecraft/Minecraft Volume Beta/01. Ki.mp3"
2026-02-25T21:32:10 player: played "Minecraft/Minecraft Volume Beta/28. Blocks.mp3"
2026-02-25T21:36:46 player: played "Minecraft/Minecraft Volume Beta/30. Intro.mp3"
2026-02-25T21:40:03 player: played "Minecraft/Minecraft Volume Beta/27. Mall.mp3"
2026-02-25T21:44:58 player: played "Minecraft/Minecraft Volume Beta/03. Dead Voxel.mp3"
2026-02-25T21:48:57 player: played "Minecraft/Minecraft Volume Beta/11. Warmth.mp3"
2026-02-25T21:54:28 player: played "Minecraft/Minecraft Volume Beta/04. Blind Spots.mp3"
2026-02-25T21:56:06 player: played "Minecraft/Minecraft Volume Alpha/22 - Beginning.mp3"
2026-02-25T21:59:33 player: played "Minecraft/Minecraft Volume Alpha/03 - Subwoofer Lullaby.mp3"
2026-02-25T22:02:39 player: played "Minecraft/Minecraft Volume Beta/20. Chirp.mp3"
2026-02-25T22:06:12 player: played "Minecraft/Minecraft Volume Alpha/18 - Sweden.mp3"
2026-02-25T22:06:29 output: Failed to play on "PulseAudio Output" (pulse): disconnected
2026-02-25T22:06:29 player: played "Minecraft/Minecraft Volume Beta/09. Mutation.mp3"
2026-02-26T05:17:12 player: played "Minecraft/Minecraft Volume Beta/09. Mutation.mp3"
2026-02-26T05:23:29 player: played "Minecraft/Minecraft Volume Beta/08. Biome Fest.mp3"
2026-02-26T05:33:32 player: played "Minecraft/Minecraft Volume Beta/02. Alpha.mp3"
2026-02-26T05:36:38 player: played "Minecraft/Minecraft Volume Beta/20. Chirp.mp3"
2026-02-26T05:39:44 player: played "Minecraft/Minecraft Volume Alpha/19 - Cat.mp3"
2026-02-26T05:42:36 player: played "Minecraft/Minecraft Volume Alpha/16 - Thirteen.mp3"
2026-02-26T05:44:04 player: played "Minecraft/Minecraft Volume Alpha/15 - Chris.mp3"
2026-02-26T05:45:40 player: played "Minecraft/Minecraft Volume Alpha/23 - Droopy Likes Ricochet.mp3"
2026-02-26T08:17:17 player: played "Minecraft/Minecraft Volume Beta/23 Stal.mp3"
2026-02-26T15:24:08 player: played "Minecraft/Minecraft Volume Beta/23 Stal.mp3"
2026-02-27T05:40:33 player: played "Minecraft/Minecraft Volume Beta/23 Stal.mp3"
2026-02-27T17:50:18 player: played "Minecraft/Minecraft Volume Beta/23 Stal.mp3"
2026-02-27T17:56:38 player: played "tameimpala/[01] It Is Not Meant To Be.mp3"
2026-02-27T18:01:10 player: played "tameimpala/[02] Desire Be Desire Go.mp3"
2026-02-27T18:05:57 player: played "tameimpala/[03] Alter Ego.mp3"
2026-02-27T18:10:29 player: played "tameimpala/[04] Lucidity.mp3"
2026-02-27T18:59:43 player: played "tameimpala/[05] Why Won't You Make Up Your Mind.mp3"
2026-02-27T21:14:07 player: played "tameimpala/[05] Why Won't You Make Up Your Mind.mp3"
2026-02-28T07:19:46 player: played "tameimpala/[05] Why Won't You Make Up Your Mind.mp3"
2026-02-28T09:13:47 player: played "tameimpala/[05] Why Won't You Make Up Your Mind.mp3"
2026-02-28T23:43:47 player: played "tameimpala/[05] Why Won't You Make Up Your Mind.mp3"
2026-03-01T07:45:35 player: played "tameimpala/[05] Why Won't You Make Up Your Mind.mp3"
2026-03-01T21:57:39 player: played "tameimpala/[05] Why Won't You Make Up Your Mind.mp3"
2026-03-01T22:08:36 player: played "tameimpala/[05] Why Won't You Make Up Your Mind.mp3"
2026-03-02T20:58:35 player: played "tameimpala/[05] Why Won't You Make Up Your Mind.mp3"
2026-03-03T05:52:58 player: played "tameimpala/[05] Why Won't You Make Up Your Mind.mp3"
2026-03-03T06:01:17 player: played "tameimpala/01. Let It Happen.mp3"
2026-03-03T09:14:31 player: played "tameimpala/02. Nangs.mp3"
2026-03-03T12:04:49 player: played "tameimpala/02. Nangs.mp3"
2026-03-03T20:47:18 player: played "tameimpala/02. Nangs.mp3"
2026-03-04T07:00:09 player: played "tameimpala/02. Nangs.mp3"
2026-03-04T10:55:13 player: played "tameimpala/02. Nangs.mp3"
2026-03-04T10:56:51 player: played "Minecraft/Minecraft Volume Alpha/13 - Wet Hands.mp3"
2026-03-04T11:07:57 player: played "Minecraft/Minecraft Volume Beta/02. Alpha.mp3"
2026-03-04T11:08:37 player: played "Minecraft/Minecraft Volume Alpha/04 - Death.mp3"
2026-03-04T11:12:31 player: played "Minecraft/Minecraft Volume Beta/21. Wait.mp3"
2026-03-04T16:36:33 player: played "Minecraft/Minecraft Volume Alpha/08 - Minecraft.mp3"
2026-03-05T00:30:40 player: played "Minecraft/Minecraft Volume Alpha/08 - Minecraft.mp3"
2026-03-05T05:04:50 player: played "Minecraft/Minecraft Volume Alpha/08 - Minecraft.mp3"
2026-03-05T15:43:22 player: played "Minecraft/Minecraft Volume Alpha/08 - Minecraft.mp3"
2026-03-05T22:16:19 player: played "Minecraft/Minecraft Volume Alpha/08 - Minecraft.mp3"
2026-03-06T22:25:03 player: played "Minecraft/Minecraft Volume Alpha/08 - Minecraft.mp3"
2026-03-07T22:04:08 player: played "Minecraft/Minecraft Volume Alpha/08 - Minecraft.mp3"
2026-03-08T22:10:26 player: played "Minecraft/Minecraft Volume Alpha/08 - Minecraft.mp3"
2026-03-09T22:31:03 player: played "Minecraft/Minecraft Volume Alpha/08 - Minecraft.mp3"
2026-03-10T17:34:26 player: played "Minecraft/Minecraft Volume Beta/02. Alpha.mp3"
2026-03-10T17:35:07 player: played "Minecraft/Minecraft Volume Alpha/04 - Death.mp3"
2026-03-10T17:39:42 player: played "Minecraft/Minecraft Volume Beta/30. Intro.mp3"
2026-03-10T17:43:44 player: played "Minecraft/Minecraft Volume Alpha/21 - Danny.mp3"
2026-03-10T17:47:52 player: played "Minecraft/Minecraft Volume Beta/14. Kyoto.mp3"
2026-03-10T17:50:58 player: played "Minecraft/Minecraft Volume Alpha/14 - Clark.mp3"
2026-03-10T17:51:45 player: played "Minecraft/Minecraft Volume Alpha/12 - Dry Hands.mp3"
2026-03-10T17:56:43 player: played "Minecraft/Minecraft Volume Beta/11. Warmth.mp3"
2026-03-10T17:57:54 player: played "Minecraft/Minecraft Volume Beta/25. Eleven.mp3"
2026-03-10T18:00:25 player: played "Minecraft/Minecraft Volume Beta/23 Stal.mp3"
2026-03-10T21:45:27 player: played "Minecraft/Minecraft Volume Beta/09. Mutation.mp3"
2026-03-11T09:24:56 player: played "Minecraft/Minecraft Volume Beta/09. Mutation.mp3"
2026-03-11T16:27:57 player: played "Minecraft/Minecraft Volume Beta/09. Mutation.mp3"
2026-03-11T16:28:41 player: played "Minecraft/Minecraft Volume Beta/09. Mutation.mp3"
2026-03-11T17:38:02 update: updating plastic beach-gorillaz/06 Superfast Jellyfish (feat. Gruff Rhys & De La Soul).mp3
2026-03-11T17:38:02 update: updating plastic beach-gorillaz/01 Orchestral Intro (feat. Sinfonia Viva).mp3
2026-03-11T17:38:02 update: updating plastic beach-gorillaz/05 Stylo (feat. Mos Def & Bobby Womack).mp3
2026-03-11T17:38:02 update: updating plastic beach-gorillaz/08 Glitter Freeze (feat. Mark E Smith).mp3
2026-03-11T17:38:02 update: updating plastic beach-gorillaz/12 Sweepstakes (feat. Mos Def & Hypnotic Brass Ensemble).mp3
2026-03-11T17:38:02 update: updating plastic beach-gorillaz/07 Empire Ants (feat. Little Dragon).mp3
2026-03-11T17:38:02 update: updating plastic beach-gorillaz/09 Some Kind of Nature (feat. Lou Reed).mp3
2026-03-11T17:38:02 update: updating plastic beach-gorillaz/17 Pirate's Progress.mp3
2026-03-11T17:38:02 update: updating plastic beach-gorillaz/14 To Binge (feat. Little Dragon).mp3
2026-03-11T17:38:02 update: updating plastic beach-gorillaz/02 Welcome to the World of the Plastic Beach (feat. Snoop Dogg & Hypnotic Brass Ensemble).mp3
2026-03-11T17:38:02 update: updating plastic beach-gorillaz/16 Pirate Jet.mp3
2026-03-11T17:38:02 update: updating plastic beach-gorillaz/13 Plastic Beach (feat. Mick Jones & Paul Simonon).mp3
2026-03-11T17:38:02 update: updating plastic beach-gorillaz/11 Broken.mp3
2026-03-11T17:38:02 update: updating plastic beach-gorillaz/10 On Melancholy Hill.mp3
2026-03-11T17:38:02 update: updating plastic beach-gorillaz/04 Rhinestone Eyes.mp3
2026-03-11T17:38:02 update: updating plastic beach-gorillaz/15 Cloud of Unknowing (feat. Bobby Womack & Sinfonia Viva).mp3
2026-03-11T17:38:02 update: updating plastic beach-gorillaz/03 White Flag (feat. Bashy, Kano & the National Orchestra for Arabic Music).mp3
2026-03-11T17:38:02 update: updating /leave the lights.mp3
2026-03-11T17:38:02 update: updating Guns n Roses - Appetite For Destruction/09 Sweet Child O' Mine.mp3
2026-03-11T17:38:02 update: updating Guns n Roses - Appetite For Destruction/01 Welcome To The Jungle.mp3
2026-03-11T17:38:02 update: updating Guns n Roses - Appetite For Destruction/07 My Michelle.mp3
2026-03-11T17:38:02 update: updating Guns n Roses - Appetite For Destruction/10 You're Crazy.mp3
2026-03-11T17:38:02 update: updating Guns n Roses - Appetite For Destruction/11 Anything Goes.mp3
2026-03-11T17:38:02 update: updating Guns n Roses - Appetite For Destruction/03 Nightrain.mp3
2026-03-11T17:38:02 update: updating Guns n Roses - Appetite For Destruction/08 Think About You.mp3
2026-03-11T17:38:02 update: updating Guns n Roses - Appetite For Destruction/04 Out Ta Get Me.mp3
2026-03-11T17:38:02 update: updating Guns n Roses - Appetite For Destruction/05 Mr. Brownstone.mp3
2026-03-11T17:38:02 update: updating Guns n Roses - Appetite For Destruction/02 It's So Easy.mp3
2026-03-11T17:38:02 update: updating Guns n Roses - Appetite For Destruction/06 Paradise City.mp3
2026-03-11T17:38:02 update: updating Guns n Roses - Appetite For Destruction/12 Rocket Queen.mp3
2026-03-11T17:38:02 update: updating Minecraft/Minecraft Volume Beta/15. Ballad of the Cats.mp3
2026-03-11T17:38:02 update: updating Minecraft/Minecraft Volume Beta/26. Ward.mp3
2026-03-11T17:38:02 update: updating Minecraft/Minecraft Volume Beta/23 Stal.mp3
2026-03-11T17:38:02 update: updating Minecraft/Minecraft Volume Beta/03. Dead Voxel.mp3
2026-03-11T17:38:02 update: updating Minecraft/Minecraft Volume Beta/30. Intro.mp3
2026-03-11T17:38:02 update: updating Minecraft/Minecraft Volume Beta/18. Dreiton.mp3
2026-03-11T17:38:02 update: updating Minecraft/Minecraft Volume Beta/24. Strad.mp3
2026-03-11T17:38:02 update: updating Minecraft/Minecraft Volume Beta/01. Ki.mp3
2026-03-11T17:38:02 update: updating Minecraft/Minecraft Volume Beta/12. Floating Trees.mp3
2026-03-11T17:38:02 update: updating Minecraft/Minecraft Volume Beta/13. Aria Math.mp3
2026-03-11T17:38:02 update: updating Minecraft/Minecraft Volume Beta/27. Mall.mp3
2026-03-11T17:38:02 update: updating Minecraft/Minecraft Volume Beta/25. Eleven.mp3
2026-03-11T17:38:02 update: updating Minecraft/Minecraft Volume Beta/17. Beginning 2.mp3
2026-03-11T17:38:02 update: updating Minecraft/Minecraft Volume Beta/19. The End.mp3
2026-03-11T17:38:02 update: updating Minecraft/Minecraft Volume Beta/05. Flake.mp3
2026-03-11T17:38:02 update: updating Minecraft/Minecraft Volume Beta/11. Warmth.mp3
2026-03-11T17:38:02 update: updating Minecraft/Minecraft Volume Beta/22. Mellohi.mp3
2026-03-11T17:38:02 update: updating Minecraft/Minecraft Volume Beta/02. Alpha.mp3
2026-03-11T17:38:02 update: updating Minecraft/Minecraft Volume Beta/14. Kyoto.mp3
2026-03-11T17:38:02 update: updating Minecraft/Minecraft Volume Beta/28. Blocks.mp3
2026-03-11T17:38:02 update: updating Minecraft/Minecraft Volume Beta/08. Biome Fest.mp3
2026-03-11T17:38:02 update: updating Minecraft/Minecraft Volume Beta/06. Moog City 2.mp3
2026-03-11T17:38:02 update: updating Minecraft/Minecraft Volume Beta/04. Blind Spots.mp3
2026-03-11T17:38:02 update: updating Minecraft/Minecraft Volume Beta/29. Far.mp3
2026-03-11T17:38:02 update: updating Minecraft/Minecraft Volume Beta/16. Taswell.mp3
2026-03-11T17:38:02 update: updating Minecraft/Minecraft Volume Beta/09. Mutation.mp3
2026-03-11T17:38:02 update: updating Minecraft/Minecraft Volume Beta/20. Chirp.mp3
2026-03-11T17:38:02 update: updating Minecraft/Minecraft Volume Beta/07. Concrete Halls.mp3
2026-03-11T17:38:02 update: updating Minecraft/Minecraft Volume Beta/10. Haunt Muskie.mp3
2026-03-11T17:38:02 update: updating Minecraft/Minecraft Volume Beta/21. Wait.mp3
2026-03-11T17:38:02 update: updating Minecraft/Minecraft Volume Alpha/23 - Droopy Likes Ricochet.mp3
2026-03-11T17:38:02 update: updating Minecraft/Minecraft Volume Alpha/04 - Death.mp3
2026-03-11T17:38:02 update: updating Minecraft/Minecraft Volume Alpha/18 - Sweden.mp3
2026-03-11T17:38:02 update: updating Minecraft/Minecraft Volume Alpha/24 - Droopy Likes Your Face.mp3
2026-03-11T17:38:02 update: updating Minecraft/Minecraft Volume Alpha/14 - Clark.mp3
2026-03-11T17:38:02 update: updating Minecraft/Minecraft Volume Alpha/17 - Excuse.mp3
2026-03-11T17:38:02 update: updating Minecraft/Minecraft Volume Alpha/22 - Beginning.mp3
2026-03-11T17:38:02 update: updating Minecraft/Minecraft Volume Alpha/19 - Cat.mp3
2026-03-11T17:38:02 update: updating Minecraft/Minecraft Volume Alpha/08 - Minecraft.mp3
2026-03-11T17:38:02 update: updating Minecraft/Minecraft Volume Alpha/05 - Living Mice.mp3
2026-03-11T17:38:02 update: updating Minecraft/Minecraft Volume Alpha/13 - Wet Hands.mp3
2026-03-11T17:38:02 update: updating Minecraft/Minecraft Volume Alpha/16 - Thirteen.mp3
2026-03-11T17:38:02 update: updating Minecraft/Minecraft Volume Alpha/09 - Oxygène.mp3
2026-03-11T17:38:02 update: updating Minecraft/Minecraft Volume Alpha/03 - Subwoofer Lullaby.mp3
2026-03-11T17:38:02 update: updating Minecraft/Minecraft Volume Alpha/10 - Équinoxe.mp3
2026-03-11T17:38:02 update: updating Minecraft/Minecraft Volume Alpha/20 - Dog.mp3
2026-03-11T17:38:02 update: updating Minecraft/Minecraft Volume Alpha/02 - Door.mp3
2026-03-11T17:38:02 update: updating Minecraft/Minecraft Volume Alpha/07 - Haggstrom.mp3
2026-03-11T17:38:02 update: updating Minecraft/Minecraft Volume Alpha/01 - Key.mp3
2026-03-11T17:38:02 update: updating Minecraft/Minecraft Volume Alpha/11 - Mice on Venus.mp3
2026-03-11T17:38:02 update: updating Minecraft/Minecraft Volume Alpha/06 - Moog City.mp3
2026-03-11T17:38:02 update: updating Minecraft/Minecraft Volume Alpha/21 - Danny.mp3
2026-03-11T17:38:02 update: updating Minecraft/Minecraft Volume Alpha/12 - Dry Hands.mp3
2026-03-11T17:38:02 update: updating Minecraft/Minecraft Volume Alpha/15 - Chris.mp3
2026-03-11T17:38:02 update: updating lp_music-of-johann-strauss-no-2_johann-strauss-jr-clemens-krauss-wiener-ph/disc1/01.02. Der Zigeunerbaron―Overture.mp3
2026-03-11T17:38:02 update: updating lp_music-of-johann-strauss-no-2_johann-strauss-jr-clemens-krauss-wiener-ph/disc1/02.01. Künstlerleben.mp3
2026-03-11T17:38:02 update: updating lp_music-of-johann-strauss-no-2_johann-strauss-jr-clemens-krauss-wiener-ph/disc1/01.01. Die Fledermaus―Overture.mp3
2026-03-11T17:38:02 update: updating lp_music-of-johann-strauss-no-2_johann-strauss-jr-clemens-krauss-wiener-ph/disc1/02.02. Frühlingsstimmen.mp3
2026-03-11T17:38:02 update: updating Queen Albums/[1991] - Innuendo/06 - Ride The Wild Wind.mp3
2026-03-11T17:38:02 update: updating Queen Albums/[1991] - Innuendo/07 - All God's People.mp3
2026-03-11T17:38:02 update: updating Queen Albums/[1991] - Innuendo/08 - These Are The Days Of Our Lives.mp3
2026-03-11T17:38:02 update: updating Queen Albums/[1991] - Innuendo/04 - I Can't Live With You.mp3
2026-03-11T17:38:02 update: updating Queen Albums/[1991] - Innuendo/03 - Headlong.mp3
2026-03-11T17:38:02 update: updating Queen Albums/[1991] - Innuendo/09 - Delilah.mp3
2026-03-11T17:38:02 update: updating Queen Albums/[1991] - Innuendo/05 - Don't Try So Hard.mp3
2026-03-11T17:38:02 update: updating Queen Albums/[1991] - Innuendo/02 - I'm Going Slighty Mad.mp3
2026-03-11T17:38:02 update: updating Queen Albums/[1991] - Innuendo/12 - The Show Must Go On.mp3
2026-03-11T17:38:03 update: updating Queen Albums/[1991] - Innuendo/10 - The Hitman.mp3
2026-03-11T17:38:03 update: updating Queen Albums/[1991] - Innuendo/01 - Innuendo.mp3
2026-03-11T17:38:03 update: updating Queen Albums/[1991] - Innuendo/11 - Bijou.mp3
2026-03-11T17:38:03 update: updating Queen Albums/[1973] - Queen/08 - Son And Daughter.mp3
2026-03-11T17:38:03 update: updating Queen Albums/[1973] - Queen/06 - The Night Comes Down.mp3
2026-03-11T17:38:03 update: updating Queen Albums/[1973] - Queen/03 - Great King Rat.mp3
2026-03-11T17:38:03 update: updating Queen Albums/[1973] - Queen/04 - My Fairy King.mp3
2026-03-11T17:38:03 update: updating Queen Albums/[1973] - Queen/02 - Doing All Right.mp3
2026-03-11T17:38:03 update: updating Queen Albums/[1973] - Queen/10 - Seven Seas Of Rhye... (Instrumental).mp3
2026-03-11T17:38:03 update: updating Queen Albums/[1973] - Queen/01 - Keep Yourself Alive.mp3
2026-03-11T17:38:03 update: updating Queen Albums/[1973] - Queen/07 - Modern Times Rock 'n' Roll.mp3
2026-03-11T17:38:03 update: updating Queen Albums/[1973] - Queen/09 - Jesus.mp3
2026-03-11T17:38:03 update: updating Queen Albums/[1973] - Queen/05 - Liar.mp3
2026-03-11T17:38:03 update: updating Queen Albums/[1984] - The Works/07 - Keep Passing The Open Windows.mp3
2026-03-11T17:38:03 update: updating Queen Albums/[1984] - The Works/09 - Is This The World We Created....mp3
2026-03-11T17:38:03 update: updating Queen Albums/[1984] - The Works/05 - Machines (Or 'Back To Humans').mp3
2026-03-11T17:38:03 update: updating Queen Albums/[1984] - The Works/04 - Man On The Prowl.mp3
2026-03-11T17:38:03 update: updating Queen Albums/[1984] - The Works/01 - Radio Ga Ga.mp3
2026-03-11T17:38:03 update: updating Queen Albums/[1984] - The Works/02 - Tear It Up.mp3
2026-03-11T17:38:03 update: updating Queen Albums/[1984] - The Works/08 - Hammer To Fall.mp3
2026-03-11T17:38:03 update: updating Queen Albums/[1984] - The Works/03 - It's A Hard Life.mp3
2026-03-11T17:38:03 update: updating Queen Albums/[1984] - The Works/06 - I Want To Break Free.mp3
2026-03-11T17:38:03 update: updating Queen Albums/[1976] - A Day At The Races/08 - Good Old-Fashioned Lover Boy.mp3
2026-03-11T17:38:03 update: updating Queen Albums/[1976] - A Day At The Races/05 - You And I.mp3
2026-03-11T17:38:03 update: updating Queen Albums/[1976] - A Day At The Races/01 - Tie Your Mother Down.mp3
2026-03-11T17:38:03 update: updating Queen Albums/[1976] - A Day At The Races/07 - White Man.mp3
2026-03-11T17:38:03 update: updating Queen Albums/[1976] - A Day At The Races/04 - The Millionaire Waltz.mp3
2026-03-11T17:38:03 update: updating Queen Albums/[1976] - A Day At The Races/06 - Somebody To Love.mp3
2026-03-11T17:38:03 update: updating Queen Albums/[1976] - A Day At The Races/03 - Long Away.mp3
2026-03-11T17:38:03 update: updating Queen Albums/[1976] - A Day At The Races/10 - Teo Torriatte (Let Us Cling Together).mp3
2026-03-11T17:38:03 update: updating Queen Albums/[1976] - A Day At The Races/02 - You Take My Breath Away.mp3
2026-03-11T17:38:03 update: updating Queen Albums/[1976] - A Day At The Races/09 - Drowse.mp3
2026-03-11T17:38:03 update: updating Queen Albums/[1986] - A Kind Of Magic/02 - A Kind Of Magic.mp3
2026-03-11T17:38:03 update: updating Queen Albums/[1986] - A Kind Of Magic/09 - Princes Of The Universe.mp3
2026-03-11T17:38:03 update: updating Queen Albums/[1986] - A Kind Of Magic/08 - Don't Lose Your Head.mp3
2026-03-11T17:38:03 update: updating Queen Albums/[1986] - A Kind Of Magic/01 - One Vision.mp3
2026-03-11T17:38:03 update: updating Queen Albums/[1986] - A Kind Of Magic/11 - Friends Will Be Friends Will Be Friends....mp3
2026-03-11T17:38:03 update: updating Queen Albums/[1986] - A Kind Of Magic/03 - One Year Of Love.mp3
2026-03-11T17:38:03 update: updating Queen Albums/[1986] - A Kind Of Magic/12 - Forever.mp3
2026-03-11T17:38:03 update: updating Queen Albums/[1986] - A Kind Of Magic/06 - Who Wants To Live Forever.mp3
2026-03-11T17:38:03 update: updating Queen Albums/[1986] - A Kind Of Magic/10 - A Kind Of 'A Kind Of Magic'.mp3
2026-03-11T17:38:03 update: updating Queen Albums/[1986] - A Kind Of Magic/05 - Friends Will Be Friends.mp3
2026-03-11T17:38:03 update: updating Queen Albums/[1986] - A Kind Of Magic/04 - Pain Is So Close To Pleasure.mp3
2026-03-11T17:38:03 update: updating Queen Albums/[1986] - A Kind Of Magic/07 - Gimme The Prize (Kurgan's Theme).mp3
2026-03-11T17:38:03 update: updating Queen Albums/[1974] - Sheer Heart Attack/06 - Now I'm Here.mp3
2026-03-11T17:38:03 update: updating Queen Albums/[1974] - Sheer Heart Attack/09 - Dear Friends.mp3
2026-03-11T17:38:03 update: updating Queen Albums/[1974] - Sheer Heart Attack/12 - She Makes Me (Stormtrooper In Stilettoes).mp3
2026-03-11T17:38:03 update: updating Queen Albums/[1974] - Sheer Heart Attack/01 - Brighton Rock.mp3
2026-03-11T17:38:03 update: updating Queen Albums/[1974] - Sheer Heart Attack/03 - Tenement Funster.mp3
2026-03-11T17:38:03 update: updating Queen Albums/[1974] - Sheer Heart Attack/11 - Bring Back That Leroy Brown.mp3
2026-03-11T17:38:03 update: updating Queen Albums/[1974] - Sheer Heart Attack/07 - In the Lap Of The Gods.mp3
2026-03-11T17:38:03 update: updating Queen Albums/[1974] - Sheer Heart Attack/08 - Stone Cold Crazy.mp3
2026-03-11T17:38:03 update: updating Queen Albums/[1974] - Sheer Heart Attack/02 - Killer Queen.mp3
2026-03-11T17:38:03 update: updating Queen Albums/[1974] - Sheer Heart Attack/10 - Misfire.mp3
2026-03-11T17:38:03 update: updating Queen Albums/[1974] - Sheer Heart Attack/05 - Lily Of The Valley.mp3
2026-03-11T17:38:03 update: updating Queen Albums/[1974] - Sheer Heart Attack/13 - In The Lap Of The Gods...Revisited.mp3
2026-03-11T17:38:03 update: updating Queen Albums/[1974] - Sheer Heart Attack/04 - Flick Of The Wrist.mp3
2026-03-11T17:38:03 update: updating Queen Albums/[1975] - A Night At The Opera/06 - Sweet Lady.mp3
2026-03-11T17:38:03 update: updating Queen Albums/[1975] - A Night At The Opera/12 - God Save The Queen (Instrumental).mp3
2026-03-11T17:38:03 update: updating Queen Albums/[1975] - A Night At The Opera/01 - Death On Two Legs (Dedicated To...).mp3
2026-03-11T17:38:03 update: updating Queen Albums/[1975] - A Night At The Opera/08 - The Prophet's Song.mp3
2026-03-11T17:38:03 update: updating Queen Albums/[1975] - A Night At The Opera/11 - Bohemian Rhapsody.mp3
2026-03-11T17:38:03 update: updating Queen Albums/[1975] - A Night At The Opera/02 - Lazing On A Sunday Afternoon.mp3
2026-03-11T17:38:03 update: updating Queen Albums/[1975] - A Night At The Opera/10 - Good Company.mp3
2026-03-11T17:38:03 update: updating Queen Albums/[1975] - A Night At The Opera/03 - I'm In Love With My Car.mp3
2026-03-11T17:38:03 update: updating Queen Albums/[1975] - A Night At The Opera/04 - You're My Best Friend.mp3
2026-03-11T17:38:03 update: updating Queen Albums/[1975] - A Night At The Opera/09 - Love Of My Life.mp3
2026-03-11T17:38:03 update: updating Queen Albums/[1975] - A Night At The Opera/07 - Seaside Rendezvous.mp3
2026-03-11T17:38:03 update: updating Queen Albums/[1975] - A Night At The Opera/05 - '39.mp3
2026-03-11T17:38:03 update: updating Queen Albums/[1980] - The Game/04 - Need Your Loving Tonight.mp3
2026-03-11T17:38:03 update: updating Queen Albums/[1980] - The Game/06 - Rock It (Prime Jive).mp3
2026-03-11T17:38:03 update: updating Queen Albums/[1980] - The Game/02 - Dragon Attack.mp3
2026-03-11T17:38:03 update: updating Queen Albums/[1980] - The Game/01 - Play The Game.mp3
2026-03-11T17:38:03 update: updating Queen Albums/[1980] - The Game/10 - Save Me.mp3
2026-03-11T17:38:03 update: updating Queen Albums/[1980] - The Game/05 - Crazy Little Thing Called Love.mp3
2026-03-11T17:38:03 update: updating Queen Albums/[1980] - The Game/03 - Another One Bites The Dust.mp3
2026-03-11T17:38:03 update: updating Queen Albums/[1980] - The Game/08 - Sail Away Sweet Sister.mp3
2026-03-11T17:38:03 update: updating Queen Albums/[1980] - The Game/09 - Coming Soon.mp3
2026-03-11T17:38:03 update: updating Queen Albums/[1980] - The Game/07 - Don't Try Suicide.mp3
2026-03-11T17:38:03 update: updating Queen Albums/[1982] - Hot Space/04 - Body Language.mp3
2026-03-11T17:38:03 update: updating Queen Albums/[1982] - Hot Space/07 - Life Is Real (Song For Lennon).mp3
2026-03-11T17:38:03 update: updating Queen Albums/[1982] - Hot Space/08 - Calling All Girls.mp3
2026-03-11T17:38:03 update: updating Queen Albums/[1982] - Hot Space/01 - Staying Power.mp3
2026-03-11T17:38:03 update: updating Queen Albums/[1982] - Hot Space/02 - Dancer.mp3
2026-03-11T17:38:03 update: updating Queen Albums/[1982] - Hot Space/09 - Las Palabras De Amor (The Words Of Love).mp3
2026-03-11T17:38:03 update: updating Queen Albums/[1982] - Hot Space/11 - Under Pressure.mp3
2026-03-11T17:38:03 update: updating Queen Albums/[1982] - Hot Space/06 - Put Out The Fire.mp3
2026-03-11T17:38:03 update: updating Queen Albums/[1982] - Hot Space/03 - Back Chat.mp3
2026-03-11T17:38:03 update: updating Queen Albums/[1982] - Hot Space/10 - Cool Cat.mp3
2026-03-11T17:38:03 update: updating Queen Albums/[1982] - Hot Space/05 - Action This Day.mp3
2026-03-11T17:38:03 update: updating Queen Albums/Queen-Flash.mp3
2026-03-11T17:38:03 update: updating Queen Albums/[1978] - Jazz/08 - In Only Seven Days.mp3
2026-03-11T17:38:03 update: updating Queen Albums/[1978] - Jazz/12 - Don't Stop Me Now.mp3
2026-03-11T17:38:03 update: updating Queen Albums/[1978] - Jazz/04 - Bicycle Race.mp3
2026-03-11T17:38:03 update: updating Queen Albums/[1978] - Jazz/09 - Dreamer's Ball.mp3
2026-03-11T17:38:03 update: updating Queen Albums/[1978] - Jazz/05 - If You Can't Beat Them.mp3
2026-03-11T17:38:03 update: updating Queen Albums/[1978] - Jazz/11 - Leaving Home Ain't Easy.mp3
2026-03-11T17:38:03 update: updating Queen Albums/[1978] - Jazz/01 - Mustapha.mp3
2026-03-11T17:38:03 update: updating Queen Albums/[1978] - Jazz/03 - Jealousy.mp3
2026-03-11T17:38:03 update: updating Queen Albums/[1978] - Jazz/13 - More Of That Jazz.mp3
2026-03-11T17:38:03 update: updating Queen Albums/[1978] - Jazz/10 - Fun It.mp3
2026-03-11T17:38:03 update: updating Queen Albums/[1978] - Jazz/02 - Fat Bottomed Girls.mp3
2026-03-11T17:38:03 update: updating Queen Albums/[1978] - Jazz/07 - Dead On Time.mp3
2026-03-11T17:38:03 update: updating Queen Albums/[1978] - Jazz/06 - Let Me Entertain You.mp3
2026-03-11T17:38:03 update: updating Queen Albums/[1974] - Queen II/07 - The Fairy Feller's Master-Stroke.mp3
2026-03-11T17:38:03 update: updating Queen Albums/[1974] - Queen II/01 - Procession.mp3
2026-03-11T17:38:03 update: updating Queen Albums/[1974] - Queen II/11 - Seven Seas Of Rhye.mp3
2026-03-11T17:38:03 update: updating Queen Albums/[1974] - Queen II/09 - The March Of the Black Queen.mp3
2026-03-11T17:38:03 update: updating Queen Albums/[1974] - Queen II/10 - Funny How Love Is.mp3
2026-03-11T17:38:03 update: updating Queen Albums/[1974] - Queen II/06 - Ogre Battle.mp3
2026-03-11T17:38:03 update: updating Queen Albums/[1974] - Queen II/08 - Nevermore.mp3
2026-03-11T17:38:03 update: updating Queen Albums/[1974] - Queen II/02 - Father To Son.mp3
2026-03-11T17:38:03 update: updating Queen Albums/[1974] - Queen II/05 - The Loser In The End.mp3
2026-03-11T17:38:03 update: updating Queen Albums/[1974] - Queen II/03 - White Queen (As It Began).mp3
2026-03-11T17:38:03 update: updating Queen Albums/[1974] - Queen II/04 - Some Day One Day.mp3
2026-03-11T17:38:03 update: updating Queen Albums/[1989] - The Miracle/04 - I Want It All.mp3
2026-03-11T17:38:03 update: updating Queen Albums/[1989] - The Miracle/07 - Rain Must Fall.mp3
2026-03-11T17:38:03 update: updating Queen Albums/[1989] - The Miracle/05 - The Invisible Man.mp3
2026-03-11T17:38:03 update: updating Queen Albums/[1989] - The Miracle/02 - Khashoggi's Ship.mp3
2026-03-11T17:38:03 update: updating Queen Albums/[1989] - The Miracle/06 - Breakthru.mp3
2026-03-11T17:38:03 update: updating Queen Albums/[1989] - The Miracle/08 - Scandal.mp3
2026-03-11T17:38:03 update: updating Queen Albums/[1989] - The Miracle/13 - The Invisible Man (12 Version).mp3
2026-03-11T17:38:03 update: updating Queen Albums/[1989] - The Miracle/01 - Party.mp3
2026-03-11T17:38:03 update: updating Queen Albums/[1989] - The Miracle/12 - Chinese Torture.mp3
2026-03-11T17:38:03 update: updating Queen Albums/[1989] - The Miracle/09 - My Baby Does Me.mp3
2026-03-11T17:38:03 update: updating Queen Albums/[1989] - The Miracle/10 - Was It All Worth It.mp3
2026-03-11T17:38:03 update: updating Queen Albums/[1989] - The Miracle/11 - Hang On In There.mp3
2026-03-11T17:38:03 update: updating Queen Albums/[1989] - The Miracle/03 - The Miracle.mp3
2026-03-11T17:38:03 update: updating Queen Albums/[1977] - News Of The World/10 - It's Late.mp3
2026-03-11T17:38:03 update: updating Queen Albums/[1977] - News Of The World/04 - All Dead, All Dead.mp3
2026-03-11T17:38:03 update: updating Queen Albums/[1977] - News Of The World/11 - My Melancholy Blues.mp3
2026-03-11T17:38:03 update: updating Queen Albums/[1977] - News Of The World/01 - We Will Rock You.mp3
2026-03-11T17:38:03 update: updating Queen Albums/[1977] - News Of The World/06 - Fight From The Inside.mp3
2026-03-11T17:38:03 update: updating Queen Albums/[1977] - News Of The World/07 - Get Down, Make Love.mp3
2026-03-11T17:38:03 update: updating Queen Albums/[1977] - News Of The World/09 - Who Needs You.mp3
2026-03-11T17:38:03 update: updating Queen Albums/[1977] - News Of The World/08 - Sleeping On The Sidewalk.mp3
2026-03-11T17:38:03 update: updating Queen Albums/[1977] - News Of The World/03 - Sheer Heart Attack.mp3
2026-03-11T17:38:03 update: updating Queen Albums/[1977] - News Of The World/05 - Spread Your Wings.mp3
2026-03-11T17:38:03 update: updating Queen Albums/[1977] - News Of The World/02 - We Are The Champions.mp3
2026-03-11T17:38:03 update: updating Queen Albums/[1995] - Made In Heaven/03 - Let Me Live.mp3
2026-03-11T17:38:03 update: updating Queen Albums/[1995] - Made In Heaven/11 - It's A Beautiful Day (Reprise).mp3
2026-03-11T17:38:03 update: updating Queen Albums/[1995] - Made In Heaven/06 - I Was Born To Love You.mp3
2026-03-11T17:38:03 update: updating Queen Albums/[1995] - Made In Heaven/08 - Too Much Love Will Kill You.mp3
2026-03-11T17:38:03 update: updating Queen Albums/[1995] - Made In Heaven/09 - You Don't Fool Me.mp3
2026-03-11T17:38:03 update: updating Queen Albums/[1995] - Made In Heaven/05 - My Life Has Been Saved.mp3
2026-03-11T17:38:03 update: updating Queen Albums/[1995] - Made In Heaven/13 - Untitled Hidden Track.mp3
2026-03-11T17:38:03 update: updating Queen Albums/[1995] - Made In Heaven/12 - Yeah.mp3
2026-03-11T17:38:03 update: updating Queen Albums/[1995] - Made In Heaven/04 - Mother Love.mp3
2026-03-11T17:38:03 update: updating Queen Albums/[1995] - Made In Heaven/07 - Heaven For Everyone.mp3
2026-03-11T17:38:03 update: updating Queen Albums/[1995] - Made In Heaven/10 - A Winter's Tale.mp3
2026-03-11T17:38:03 update: updating Queen Albums/[1995] - Made In Heaven/01 - It's A Beautiful Day.mp3
2026-03-11T17:38:03 update: updating Queen Albums/[1995] - Made In Heaven/02 - Made In Heaven.mp3
2026-03-11T17:38:03 update: updating Math Rock/In the Absence of Strong Evidence to the Contrary, One May Step Out of the Way of the Charging Bull_SpotiDost.mp3
2026-03-11T17:38:03 update: updating Math Rock/Astray Life_SpotiDost.mp3
2026-03-11T17:38:03 update: updating Math Rock/Open Closed Open_SpotiDost.mp3
2026-03-11T17:38:03 update: updating Math Rock/大象體操ElephantGym _ 女巫 Witches【Official Music Video】-NEW ALBUM「夢境 Dreams」(5 11 Release)-_SpotiDost.mp3
2026-03-11T17:38:03 update: updating Math Rock/Elm_SpotiDost.mp3
2026-03-11T17:38:03 update: updating Math Rock/Quiet_SpotiDost.mp3
2026-03-11T17:38:03 update: updating Math Rock/Deep Inside_SpotiDost.mp3
2026-03-11T17:38:03 update: updating Math Rock/Objets de Vertu_SpotiDost.mp3
2026-03-11T17:38:03 update: updating Math Rock/shibuya (feat. San Holo)_SpotiDost.mp3
2026-03-11T17:38:03 update: updating Math Rock/Chevalier Bulltoe_SpotiDost.mp3
2026-03-11T17:38:03 update: updating Math Rock/Imprimatura_SpotiDost.mp3
2026-03-11T17:38:03 update: updating Natlan/[SPOTIFY-DOWNLOADER.COM] Thanks for the Fire.mp3
2026-03-11T17:38:03 update: updating Natlan/[SPOTIFY-DOWNLOADER.COM] Feast and Bounty.mp3
2026-03-11T17:38:03 update: updating Natlan/[SPOTIFY-DOWNLOADER.COM] Whirl of Chalchiuhtlicue.mp3
2026-03-11T17:38:03 update: updating Natlan/[SPOTIFY-DOWNLOADER.COM] When Rain Clouds Gather.mp3
Note: Illegal Audio-MPEG-Header 0x00000000 at offset 148749.
Note: Trying to resync...
Note: Hit end of (available) data during resync.
2026-03-11T17:38:03 mpg123: mpg123_getformat() failed: Message: I am done with this track.
Note: Illegal Audio-MPEG-Header 0x00000000 at offset 148749.
Note: Trying to resync...
Note: Hit end of (available) data during resync.
2026-03-11T17:38:03 mpg123: mpg123_getformat() failed: Message: I am done with this track.
2026-03-11T17:38:03 ffmpeg/h263: Format h263 detected only with low score of 24, misdetection possible!
2026-03-11T17:38:03 ffmpeg/h263: Bad picture start code
2026-03-11T17:38:03 ffmpeg/h263: header damaged
2026-03-11T17:38:03 ffmpeg/h263: Could not find codec parameters for stream 0 (Video: h263, none): unspecified size
Consider increasing the value for the 'analyzeduration' (0) and 'probesize' (5000000) options
2026-03-11T17:38:03 update: updating Natlan/[SPOTIFY-DOWNLOADER.COM] Chirping of Canyons.mp3
2026-03-11T17:38:03 update: updating Natlan/[SPOTIFY-DOWNLOADER.COM] Arcana of Zipacna.mp3
2026-03-11T17:38:03 update: updating Natlan/[SPOTIFY-DOWNLOADER.COM] Makani 'olu'olu.mp3
2026-03-11T17:38:03 update: updating Natlan/[SPOTIFY-DOWNLOADER.COM] A Distant Farewell.mp3
2026-03-11T17:38:03 update: updating Natlan/[SPOTIFY-DOWNLOADER.COM] The Heights of Rumikunamanta.mp3
2026-03-11T17:38:03 update: updating Natlan/[SPOTIFY-DOWNLOADER.COM] Scarlet Song.mp3
2026-03-11T17:38:03 update: updating Natlan/[SPOTIFY-DOWNLOADER.COM] Realm of Ethereal Murk.mp3
2026-03-11T17:38:03 update: updating Natlan/[SPOTIFY-DOWNLOADER.COM] Fog of the Seasons.mp3
2026-03-11T17:38:03 update: updating Natlan/[SPOTIFY-DOWNLOADER.COM] Chasing Flames Like Strings.mp3
2026-03-11T17:38:03 update: updating Natlan/[SPOTIFY-DOWNLOADER.COM] Flute of Uilacapitztli.mp3
2026-03-11T17:38:03 update: updating Natlan/[SPOTIFY-DOWNLOADER.COM] Promises by the Spring.mp3
2026-03-11T17:38:03 update: updating Natlan/[SPOTIFY-DOWNLOADER.COM] ...Times Come Again No More.mp3
2026-03-11T17:38:03 update: updating Natlan/[SPOTIFY-DOWNLOADER.COM] Moment of Solace.mp3
2026-03-11T17:38:03 update: updating Natlan/[SPOTIFY-DOWNLOADER.COM] Chimes on the Blue Shore.mp3
Note: Illegal Audio-MPEG-Header 0x00000000 at offset 158791.
Note: Trying to resync...
Note: Hit end of (available) data during resync.
2026-03-11T17:38:03 mpg123: mpg123_getformat() failed: Message: I am done with this track.
Note: Illegal Audio-MPEG-Header 0x00000000 at offset 158791.
Note: Trying to resync...
Note: Hit end of (available) data during resync.
2026-03-11T17:38:03 mpg123: mpg123_getformat() failed: Message: I am done with this track.
2026-03-11T17:38:03 ffmpeg/mp3: Format mp3 detected only with low score of 24, misdetection possible!
2026-03-11T17:38:03 ffmpeg/mp3: Failed to find two consecutive MPEG audio frames.
2026-03-11T17:38:03 update: updating Natlan/[SPOTIFY-DOWNLOADER.COM] Halls of Hueyteotl.mp3
2026-03-11T17:38:03 update: updating Natlan/[SPOTIFY-DOWNLOADER.COM] Jubilation of Calcine.mp3
2026-03-11T17:38:03 update: updating Natlan/[SPOTIFY-DOWNLOADER.COM] Delightful Whimsy.mp3
2026-03-11T17:38:03 update: updating Natlan/[SPOTIFY-DOWNLOADER.COM] Sifu Moto.mp3
2026-03-11T17:38:03 update: updating Natlan/[SPOTIFY-DOWNLOADER.COM] Undanced Dance.mp3
2026-03-11T17:38:03 update: updating Natlan/[SPOTIFY-DOWNLOADER.COM] Dream of Tranquility.mp3
2026-03-11T17:38:03 update: updating Natlan/[SPOTIFY-DOWNLOADER.COM] Dazzling Moon of Metztli.mp3
2026-03-11T17:38:03 update: updating Natlan/[SPOTIFY-DOWNLOADER.COM] Rainbow Leis.mp3
2026-03-11T17:38:03 update: updating Natlan/[SPOTIFY-DOWNLOADER.COM] Beat of Boulders.mp3
2026-03-11T17:38:03 update: updating Natlan/[SPOTIFY-DOWNLOADER.COM] Flower Writing.mp3
2026-03-11T17:38:03 update: updating Natlan/[SPOTIFY-DOWNLOADER.COM] Eventide Chant.mp3
2026-03-11T17:38:03 update: updating Natlan/[SPOTIFY-DOWNLOADER.COM] After So Many Words.mp3
2026-03-11T17:38:03 update: updating Natlan/[SPOTIFY-DOWNLOADER.COM] Quetzal's Yearning.mp3
2026-03-11T17:38:03 update: updating Natlan/[SPOTIFY-DOWNLOADER.COM] Until the Morning After.mp3
2026-03-11T17:38:03 update: updating Natlan/[SPOTIFY-DOWNLOADER.COM] Introduction to a Little Friend.mp3
2026-03-11T17:38:03 update: updating Natlan/[SPOTIFY-DOWNLOADER.COM] Inheritance of an Ancient Name.mp3
2026-03-11T17:38:03 update: updating Natlan/[SPOTIFY-DOWNLOADER.COM] Bequeathed to the Beloved.mp3
2026-03-11T17:38:03 update: updating Natlan/[SPOTIFY-DOWNLOADER.COM] A Harvest of Dreams.mp3
2026-03-11T17:38:03 update: updating Natlan/[SPOTIFY-DOWNLOADER.COM] Cuicatl of Kongamato.mp3
Note: Illegal Audio-MPEG-Header 0x00000000 at offset 159432.
Note: Trying to resync...
Note: Hit end of (available) data during resync.
2026-03-11T17:38:03 mpg123: mpg123_getformat() failed: Message: I am done with this track.
Note: Illegal Audio-MPEG-Header 0x00000000 at offset 159432.
Note: Trying to resync...
Note: Hit end of (available) data during resync.
2026-03-11T17:38:03 mpg123: mpg123_getformat() failed: Message: I am done with this track.
2026-03-11T17:38:03 ffmpeg/mp3: Format mp3 detected only with low score of 24, misdetection possible!
2026-03-11T17:38:03 ffmpeg/mp3: Failed to find two consecutive MPEG audio frames.
2026-03-11T17:38:03 update: updating Natlan/[SPOTIFY-DOWNLOADER.COM] Silent Voices of the Night.mp3
2026-03-11T17:38:03 update: updating Natlan/[SPOTIFY-DOWNLOADER.COM] A Night of Their Own.mp3
2026-03-11T17:38:03 update: updating Natlan/[SPOTIFY-DOWNLOADER.COM] Baba we Twasali.mp3
Note: Illegal Audio-MPEG-Header 0x00000000 at offset 158792.
Note: Trying to resync...
Note: Hit end of (available) data during resync.
2026-03-11T17:38:03 mpg123: mpg123_getformat() failed: Message: I am done with this track.
Note: Illegal Audio-MPEG-Header 0x00000000 at offset 158792.
Note: Trying to resync...
Note: Hit end of (available) data during resync.
2026-03-11T17:38:03 mpg123: mpg123_getformat() failed: Message: I am done with this track.
2026-03-11T17:38:03 ffmpeg/mp3: Format mp3 detected only with low score of 24, misdetection possible!
2026-03-11T17:38:03 ffmpeg/mp3: Failed to find two consecutive MPEG audio frames.
2026-03-11T17:38:03 update: updating Natlan/[SPOTIFY-DOWNLOADER.COM] Blazing Proclamation.mp3
2026-03-11T17:38:03 update: updating Natlan/[SPOTIFY-DOWNLOADER.COM] Dust of Dusklands.mp3
2026-03-11T17:38:03 update: updating Natlan/[SPOTIFY-DOWNLOADER.COM] Descendants of Ahkantenal.mp3
2026-03-11T17:38:03 update: updating tameimpala/[05] Music To Walk Home By.mp3
2026-03-11T17:38:03 update: updating tameimpala/[02] Elephant (Live).mp3
2026-03-11T17:38:03 update: updating tameimpala/[05] Why Won't You Make Up Your Mind.mp3
2026-03-11T17:38:03 update: updating tameimpala/06-tame_impala-tomorrows_dust.mp3
2026-03-11T17:38:03 update: updating tameimpala/02. Skeleton Tiger (Retamed By Canyons).mp3
2026-03-11T17:38:03 update: updating tameimpala/[04] Wander.mp3
2026-03-11T17:38:03 update: updating tameimpala/[03] Sundown Syndrome (Canyons Remix).mp3
2026-03-11T17:38:03 update: updating tameimpala/01-tame_impala-one_more_year.mp3
2026-03-11T17:38:03 update: updating tameimpala/10-tame_impala-it_might_be_time.mp3
2026-03-11T17:38:03 update: updating tameimpala/[09] Canyons Sunrise Reprise.mp3
2026-03-11T17:38:03 update: updating tameimpala/12-tame_impala-one_more_hour.mp3
2026-03-11T17:38:03 update: updating tameimpala/[05] Why Won't You Make Up Your Mind (Erol Alkan Rework).mp3
2026-03-11T17:38:03 update: updating tameimpala/04. Yes I’m Changing.mp3
2026-03-11T17:38:03 update: updating tameimpala/[01] Be Above It.mp3
2026-03-11T17:38:03 update: updating tameimpala/04-tame_impala-posthumous_forgiveness.mp3
2026-03-11T17:38:03 update: updating tameimpala/[02] Mind Mischief (Ducktails Remix).mp3
2026-03-11T17:38:03 update: updating tameimpala/[12] Sun's Coming Up.mp3
2026-03-11T17:38:03 update: updating tameimpala/[06] Lucidity (Pilooski Remix).mp3
2026-03-11T17:38:03 update: updating tameimpala/[02] Desire Be Desire Go.mp3
2026-03-11T17:38:03 update: updating tameimpala/[02] B - Beverly Laurel.mp3
2026-03-11T17:38:03 update: updating tameimpala/11. Reality In Motion.mp3
2026-03-11T17:38:03 update: updating tameimpala/Half Full Glass of Wine.mp3
2026-03-11T17:38:03 update: updating tameimpala/[06] Solitude Is Bliss (Canyons 'Dow Jones' Mix).mp3
2026-03-11T17:38:03 update: updating tameimpala/[01] Elephant.mp3
2026-03-11T17:38:03 update: updating tameimpala/02. Nangs.mp3
2026-03-11T17:38:03 update: updating tameimpala/[01] Apocalypse Dreams (Live).mp3
2026-03-11T17:38:03 update: updating tameimpala/[03] Mind Mischief (The Field Remix).mp3
2026-03-11T17:38:03 update: updating tameimpala/08. Past Life.mp3
2026-03-11T17:38:03 update: updating tameimpala/[07] Feels Like We Only Go Backwards.mp3
2026-03-11T17:38:03 update: updating tameimpala/03. The Moment.mp3
2026-03-11T17:38:03 update: updating tameimpala/12. Love Paranoia.mp3
2026-03-11T17:38:03 update: updating tameimpala/[04] Solitude Is Bliss (Mickey Moonlight T.A.M. Remix).mp3
2026-03-11T17:38:03 update: updating tameimpala/13. New Person, Same Old Mistakes.mp3
2026-03-11T17:38:03 update: updating tameimpala/11-tame_impala-glimmer.mp3
2026-03-11T17:38:03 update: updating tameimpala/09. Disciples.mp3
2026-03-11T17:38:03 update: updating tameimpala/[12] 30 Mins With Mathew Saville (Secret Bonus Track).mp3
2026-03-11T17:38:03 update: updating tameimpala/[10] She Just Won't Believe Me.mp3
2026-03-11T17:38:03 update: updating tameimpala/[03] Elephant (Canyons Wooly Mammoth Extension).mp3
2026-03-11T17:38:03 update: updating tameimpala/[07] Solitude Is Bliss (Mickey Moonlight T.A.M Remix).mp3
2026-03-11T17:38:03 update: updating tameimpala/[03] Lucidity (Pilooski Remix).mp3
2026-03-11T17:38:03 update: updating tameimpala/[11] I Don't Really Mind.mp3
2026-03-11T17:38:03 update: updating tameimpala/Remember Me.mp3
2026-03-11T17:38:03 update: updating tameimpala/[01] It Is Not Meant To Be.mp3
2026-03-11T17:38:03 update: updating tameimpala/[02] Solitude Is Bliss (Time & Space Machine Remix).mp3
2026-03-11T17:38:03 update: updating tameimpala/05-tame_impala-breathe_deeper.mp3
2026-03-11T17:38:03 update: updating tameimpala/Sundown Syndrome.mp3
2026-03-11T17:38:03 update: updating tameimpala/01. Let It Happen.mp3
2026-03-11T17:38:03 update: updating tameimpala/07-tame_impala-on_track.mp3
2026-03-11T17:38:03 update: updating tameimpala/07. The Less I Know The Better.mp3
2026-03-11T17:38:03 update: updating tameimpala/[01] A - Led Zeppelin.mp3
2026-03-11T17:38:03 update: updating tameimpala/[03] Feels Like We Only Go Backwards (Live).mp3
2026-03-11T17:38:03 update: updating tameimpala/[02] The Flaming Lips - Elephant.mp3
2026-03-11T17:38:03 update: updating tameimpala/[08] Expectation.mp3
2026-03-11T17:38:03 update: updating tameimpala/[01] Why Won't You Make Up Your Mind (Erol Alkan Rework).mp3
2026-03-11T17:38:03 update: updating tameimpala/[10] Runway, Houses, City, Clouds.mp3
2026-03-11T17:38:03 update: updating tameimpala/06. Gossip.mp3
2026-03-11T17:38:03 update: updating tameimpala/[03] Tame Impala - Are You A Hypnotist.mp3
2026-03-11T17:38:03 update: updating tameimpala/[04] Tame Impala - Silver Trembling Hands.mp3
2026-03-11T17:38:03 update: updating tameimpala/[03] Alter Ego.mp3
2026-03-11T17:38:03 update: updating tameimpala/[06] Why Won't They Talk To Me-.mp3
2026-03-11T17:38:03 update: updating tameimpala/[04] Lucidity.mp3
2026-03-11T17:38:03 update: updating tameimpala/03-tame_impala-borderline.mp3
2026-03-11T17:38:03 update: updating tameimpala/[03] Sestri Levante.mp3
2026-03-11T17:38:03 update: updating tameimpala/[08] 41 Mojitos (Canyons Poolside Dub).mp3
2026-03-11T17:38:03 update: updating tameimpala/[08] Keep On Lying.mp3
2026-03-11T17:38:03 update: updating tameimpala/[05] Solitude Is Bliss (Mickey Moonlight Remix).mp3
2026-03-11T17:38:03 update: updating tameimpala/09-tame_impala-is_it_true.mp3
2026-03-11T17:38:03 update: updating tameimpala/08-tame_impala-lost_in_yesterday.mp3
2026-03-11T17:38:03 update: updating tameimpala/[03] Apocalypse Dreams.mp3
2026-03-11T17:38:03 update: updating tameimpala/[01] Sundown Syndrome.mp3
2026-03-11T17:38:03 update: updating tameimpala/[09] The Bold Arrow Of Time.mp3
2026-03-11T17:38:03 update: updating tameimpala/[11] Nothing That Has Happened So Far Has Been Anything We Could Control.mp3
2026-03-11T17:38:03 update: updating tameimpala/[02] Endors Toi.mp3
2026-03-11T17:38:03 update: updating tameimpala/[01] The Flaming Lips - Runway, Houses, City, Clouds.mp3
2026-03-11T17:38:03 update: updating tameimpala/[03] Solitude Is Bliss (Midnight Juggernauts Remix).mp3
2026-03-11T17:38:03 update: updating tameimpala/10. ‘Cause I’m A Man.mp3
2026-03-11T17:38:03 update: updating tameimpala/02-tame_impala-instant_destiny.mp3
2026-03-11T17:38:03 update: updating tameimpala/[07] Jeremy's Storm.mp3
2026-03-11T17:38:03 update: updating tameimpala/01. H.F.G.W (Canyons Drunken Rage).mp3
2026-03-11T17:38:03 update: updating tameimpala/[02] Elephant (Todd Rundgren Remix).mp3
2026-03-11T17:38:03 update: updating tameimpala/[02] Remember Me.mp3
2026-03-11T17:38:03 update: updating tameimpala/05. Eventually.mp3
2026-03-11T17:38:03 update: updating tameimpala/[06] Solitude Is Bliss.mp3
2026-03-11T17:38:03 update: updating tameimpala/[04] Mind Mischief.mp3
2026-03-11T17:38:03 update: updating Oppenheimer/Trinity.mp3
2026-03-11T17:38:03 update: updating Oppenheimer/Oppenheimer.mp3
2026-03-11T17:38:03 update: updating Oppenheimer/Can You Hear The Music.mp3
2026-03-11T17:38:03 update: updating Oppenheimer/Destroyer Of Worlds.mp3
2026-03-11T17:38:03 update: updating Oppenheimer/Groves.mp3
2026-03-11T17:38:03 update: updating Oppenheimer/Power Stays In The Shadows.mp3
2026-03-11T17:38:03 update: updating Oppenheimer/Ground Zero.mp3
2026-03-11T17:38:03 update: updating Oppenheimer/Atmospheric Ignition.mp3
2026-03-11T17:38:03 update: updating Oppenheimer/Something More Important.mp3
2026-03-11T17:38:03 update: updating Oppenheimer/A Lowly Shoe Salesman.mp3
2026-03-11T17:38:03 update: updating Oppenheimer/Dr. Hill.mp3
2026-03-11T17:38:03 update: updating Oppenheimer/Meeting Kitty.mp3
2026-03-11T17:38:03 update: updating Oppenheimer/What We Have Done.mp3
2026-03-11T17:38:03 update: updating Oppenheimer/American Prometheus.mp3
2026-03-11T17:38:03 update: updating Oppenheimer/Fusion.mp3
2026-03-11T17:38:03 update: updating Oppenheimer/Quantum Mechanics.mp3
2026-03-11T17:38:03 update: updating Oppenheimer/Los Alamos.mp3
2026-03-11T17:38:03 update: updating Oppenheimer/Fission.mp3
2026-03-11T17:38:03 update: updating Oppenheimer/Gravity Swallows Light.mp3
2026-03-11T17:38:03 update: updating Oppenheimer/Manhattan Project.mp3
2026-03-11T17:38:03 update: updating Oppenheimer/Kitty Comes To Testify.mp3
2026-03-11T17:38:03 update: updating Oppenheimer/The Trial.mp3
2026-03-11T17:38:03 update: updating Oppenheimer/Theorists.mp3
2026-03-11T17:38:03 update: updating Oppenheimer/Colonel Pash.mp3
2026-03-11T17:38:03 update: updating Undertale - Lossless Soundtrack (toby fox)/toby fox - UNDERTALE Soundtrack - 19 Dogbass.mp3
2026-03-11T17:38:03 update: updating Undertale - Lossless Soundtrack (toby fox)/toby fox - UNDERTALE Soundtrack - 49 It's Showtime!.mp3
2026-03-11T17:38:03 update: updating Undertale - Lossless Soundtrack (toby fox)/toby fox - UNDERTALE Soundtrack - 54 Hotel.mp3
2026-03-11T17:38:03 update: updating Undertale - Lossless Soundtrack (toby fox)/toby fox - UNDERTALE Soundtrack - 57 Live Report.mp3
2026-03-11T17:38:03 update: updating Undertale - Lossless Soundtrack (toby fox)/toby fox - UNDERTALE Soundtrack - 84 Amalgam.mp3
2026-03-11T17:38:03 update: updating Undertale - Lossless Soundtrack (toby fox)/toby fox - UNDERTALE Soundtrack - 40 Ghouliday.mp3
2026-03-11T17:38:03 update: updating Undertale - Lossless Soundtrack (toby fox)/toby fox - UNDERTALE Soundtrack - 88 Burn in Despair!.mp3
2026-03-11T17:38:03 update: updating Undertale - Lossless Soundtrack (toby fox)/toby fox - UNDERTALE Soundtrack - 99 Power of -NEO-.mp3
2026-03-11T17:38:03 update: updating Undertale - Lossless Soundtrack (toby fox)/toby fox - UNDERTALE Soundtrack - 17 Snowy.mp3
2026-03-11T17:38:03 update: updating Undertale - Lossless Soundtrack (toby fox)/toby fox - UNDERTALE Soundtrack - 66 Last Episode!.mp3
2026-03-11T17:38:03 update: updating Undertale - Lossless Soundtrack (toby fox)/toby fox - UNDERTALE Soundtrack - 18 Uwa!! So Holiday♫.mp3
2026-03-11T17:38:03 update: updating Undertale - Lossless Soundtrack (toby fox)/toby fox - UNDERTALE Soundtrack - 34 Memory.mp3
2026-03-11T17:38:03 update: updating Undertale - Lossless Soundtrack (toby fox)/toby fox - UNDERTALE Soundtrack - 81 An Ending.mp3
2026-03-11T17:38:03 update: updating Undertale - Lossless Soundtrack (toby fox)/toby fox - UNDERTALE Soundtrack - 11 Determination.mp3
2026-03-11T17:38:03 update: updating Undertale - Lossless Soundtrack (toby fox)/toby fox - UNDERTALE Soundtrack - 27 Dating Fight!.mp3
2026-03-11T17:38:03 update: updating Undertale - Lossless Soundtrack (toby fox)/toby fox - UNDERTALE Soundtrack - 52 Uwa!! So HEATS!!♫.mp3
2026-03-11T17:38:03 update: updating Undertale - Lossless Soundtrack (toby fox)/toby fox - UNDERTALE Soundtrack - 28 Premonition.mp3
2026-03-11T17:38:03 update: updating Undertale - Lossless Soundtrack (toby fox)/toby fox - UNDERTALE Soundtrack - 85 Fallen Down (Reprise).mp3
2026-03-11T17:38:03 update: updating Undertale - Lossless Soundtrack (toby fox)/toby fox - UNDERTALE Soundtrack - 24 Bonetrousle.mp3
2026-03-11T17:38:03 update: updating Undertale - Lossless Soundtrack (toby fox)/toby fox - UNDERTALE Soundtrack - 02 Start Menu.mp3
2026-03-11T17:38:03 update: updating Undertale - Lossless Soundtrack (toby fox)/toby fox - UNDERTALE Soundtrack - 72 Song That Might Play When You Fight Sans.mp3
2026-03-11T17:38:03 update: updating Undertale - Lossless Soundtrack (toby fox)/toby fox - UNDERTALE Soundtrack - 50 Metal Crusher.mp3
2026-03-11T17:38:03 update: updating Undertale - Lossless Soundtrack (toby fox)/toby fox - UNDERTALE Soundtrack - 22 Snowdin Town.mp3
2026-03-11T17:38:03 update: updating Undertale - Lossless Soundtrack (toby fox)/toby fox - UNDERTALE Soundtrack - 01 Once Upon a Time.mp3
2026-03-11T17:38:03 update: updating Undertale - Lossless Soundtrack (toby fox)/toby fox - UNDERTALE Soundtrack - 60 Wrong Enemy !-.mp3
2026-03-11T17:38:03 update: updating Undertale - Lossless Soundtrack (toby fox)/toby fox - UNDERTALE Soundtrack - 95 Bring It In, Guys!.mp3
2026-03-11T17:38:03 update: updating Undertale - Lossless Soundtrack (toby fox)/toby fox - UNDERTALE Soundtrack - 59 Spider Dance.mp3
2026-03-11T17:38:03 update: updating Undertale - Lossless Soundtrack (toby fox)/toby fox - UNDERTALE Soundtrack - 79 Your Best Nightmare.mp3
2026-03-11T17:38:03 update: updating Undertale - Lossless Soundtrack (toby fox)/toby fox - UNDERTALE Soundtrack - 37 Pathetic House.mp3
2026-03-11T17:38:03 update: updating Undertale - Lossless Soundtrack (toby fox)/toby fox - UNDERTALE Soundtrack - 46 Spear of Justice.mp3
2026-03-11T17:38:03 update: updating Undertale - Lossless Soundtrack (toby fox)/toby fox - UNDERTALE Soundtrack - 41 Chill.mp3
2026-03-11T17:38:03 update: updating Undertale - Lossless Soundtrack (toby fox)/toby fox - UNDERTALE Soundtrack - 39 Spookwave.mp3
2026-03-11T17:38:03 update: updating Undertale - Lossless Soundtrack (toby fox)/toby fox - UNDERTALE Soundtrack - 97 But the Earth Refused to Die.mp3
2026-03-11T17:38:03 update: updating Undertale - Lossless Soundtrack (toby fox)/toby fox - UNDERTALE Soundtrack - 96 Last Goodbye.mp3
2026-03-11T17:38:03 update: updating Undertale - Lossless Soundtrack (toby fox)/toby fox - UNDERTALE Soundtrack - 20 Mysterious Place.mp3
2026-03-11T17:38:03 update: updating Undertale - Lossless Soundtrack (toby fox)/toby fox - UNDERTALE Soundtrack - 94 Respite.mp3
2026-03-11T17:38:03 update: updating Undertale - Lossless Soundtrack (toby fox)/toby fox - UNDERTALE Soundtrack - 82 She's Playing Piano.mp3
2026-03-11T17:38:03 update: updating Undertale - Lossless Soundtrack (toby fox)/toby fox - UNDERTALE Soundtrack - 91 Final Power.mp3
2026-03-11T17:38:03 update: updating Undertale - Lossless Soundtrack (toby fox)/toby fox - UNDERTALE Soundtrack - 10 Ghost Fight.mp3
2026-03-11T17:38:03 update: updating Undertale - Lossless Soundtrack (toby fox)/toby fox - UNDERTALE Soundtrack - 05 Ruins.mp3
2026-03-11T17:38:03 update: updating Undertale - Lossless Soundtrack (toby fox)/toby fox - UNDERTALE Soundtrack - 07 Anticipation.mp3
2026-03-11T17:38:03 update: updating Undertale - Lossless Soundtrack (toby fox)/toby fox - UNDERTALE Soundtrack - 75 Barrier.mp3
2026-03-11T17:38:03 update: updating Undertale - Lossless Soundtrack (toby fox)/toby fox - UNDERTALE Soundtrack - 78 You Idiot.mp3
2026-03-11T17:38:03 update: updating Undertale - Lossless Soundtrack (toby fox)/toby fox - UNDERTALE Soundtrack - 53 Stronger Monsters.mp3
2026-03-11T17:38:03 update: updating Undertale - Lossless Soundtrack (toby fox)/toby fox - UNDERTALE Soundtrack - 12 Home.mp3
2026-03-11T17:38:03 update: updating Undertale - Lossless Soundtrack (toby fox)/toby fox - UNDERTALE Soundtrack - 35 Bird That Carries You Over A Disproportionately Small Gap.mp3
2026-03-11T17:38:03 update: updating Undertale - Lossless Soundtrack (toby fox)/toby fox - UNDERTALE Soundtrack - 06 Uwa!! So Temperate♫.mp3
2026-03-11T17:38:03 update: updating Undertale - Lossless Soundtrack (toby fox)/toby fox - UNDERTALE Soundtrack - 90 His Theme.mp3
2026-03-11T17:38:03 update: updating Undertale - Lossless Soundtrack (toby fox)/toby fox - UNDERTALE Soundtrack - 21 Dogsong.mp3
2026-03-11T17:38:03 update: updating Undertale - Lossless Soundtrack (toby fox)/toby fox - UNDERTALE Soundtrack - 43 Temmie Village.mp3
2026-03-11T17:38:03 update: updating Undertale - Lossless Soundtrack (toby fox)/toby fox - UNDERTALE Soundtrack - 101 Good Night.mp3
2026-03-11T17:38:03 update: updating Undertale - Lossless Soundtrack (toby fox)/toby fox - UNDERTALE Soundtrack - 16 Nyeh Heh Heh!.mp3
2026-03-11T17:38:03 update: updating Undertale - Lossless Soundtrack (toby fox)/toby fox - UNDERTALE Soundtrack - 45 NGAHHH!!.mp3
2026-03-11T17:38:03 update: updating Undertale - Lossless Soundtrack (toby fox)/toby fox - UNDERTALE Soundtrack - 63 It's Raining Somewhere Else.mp3
2026-03-11T17:38:03 update: updating Undertale - Lossless Soundtrack (toby fox)/toby fox - UNDERTALE Soundtrack - 80 Finale.mp3
2026-03-11T17:38:03 update: updating Undertale - Lossless Soundtrack (toby fox)/toby fox - UNDERTALE Soundtrack - 65 CORE.mp3
2026-03-11T17:38:03 update: updating Undertale - Lossless Soundtrack (toby fox)/toby fox - UNDERTALE Soundtrack - 55 Can You Really Call This A Hotel, I Didn't Receive A Mint On My Pillow Or Anything.mp3
2026-03-11T17:38:03 update: updating Undertale - Lossless Soundtrack (toby fox)/toby fox - UNDERTALE Soundtrack - 93 Menu (Full).mp3
2026-03-11T17:38:03 update: updating Undertale - Lossless Soundtrack (toby fox)/toby fox - UNDERTALE Soundtrack - 31 Waterfall.mp3
2026-03-11T17:38:03 update: updating Undertale - Lossless Soundtrack (toby fox)/toby fox - UNDERTALE Soundtrack - 67 Oh My....mp3
2026-03-11T17:38:03 update: updating Undertale - Lossless Soundtrack (toby fox)/toby fox - UNDERTALE Soundtrack - 58 Death Report.mp3
2026-03-11T17:38:03 update: updating Undertale - Lossless Soundtrack (toby fox)/toby fox - UNDERTALE Soundtrack - 73 The Choice.mp3
2026-03-11T17:38:03 update: updating Undertale - Lossless Soundtrack (toby fox)/toby fox - UNDERTALE Soundtrack - 51 Another Medium.mp3
2026-03-11T17:38:03 update: updating Undertale - Lossless Soundtrack (toby fox)/toby fox - UNDERTALE Soundtrack - 77 ASGORE.mp3
2026-03-11T17:38:03 update: updating Undertale - Lossless Soundtrack (toby fox)/toby fox - UNDERTALE Soundtrack - 87 Hopes and Dreams.mp3
2026-03-11T17:38:03 update: updating Undertale - Lossless Soundtrack (toby fox)/toby fox - UNDERTALE Soundtrack - 62 Oh! Dungeon.mp3
2026-03-11T17:38:03 update: updating Undertale - Lossless Soundtrack (toby fox)/toby fox - UNDERTALE Soundtrack - 86 Don't Give Up.mp3
2026-03-11T17:38:03 update: updating Undertale - Lossless Soundtrack (toby fox)/toby fox - UNDERTALE Soundtrack - 69 For the Fans.mp3
2026-03-11T17:38:03 update: updating Undertale - Lossless Soundtrack (toby fox)/toby fox - UNDERTALE Soundtrack - 26 Dating Tense!.mp3
2026-03-11T17:38:03 update: updating Undertale - Lossless Soundtrack (toby fox)/toby fox - UNDERTALE Soundtrack - 83 Here We Are.mp3
2026-03-11T17:38:03 update: updating Undertale - Lossless Soundtrack (toby fox)/toby fox - UNDERTALE Soundtrack - 64 CORE Approach.mp3
2026-03-11T17:38:03 update: updating Undertale - Lossless Soundtrack (toby fox)/toby fox - UNDERTALE Soundtrack - 42 Thundersnail.mp3
2026-03-11T17:38:03 update: updating Undertale - Lossless Soundtrack (toby fox)/toby fox - UNDERTALE Soundtrack - 92 Reunited.mp3
2026-03-11T17:38:03 update: updating Undertale - Lossless Soundtrack (toby fox)/toby fox - UNDERTALE Soundtrack - 56 Confession.mp3
2026-03-11T17:38:03 update: updating Undertale - Lossless Soundtrack (toby fox)/toby fox - UNDERTALE Soundtrack - 89 SAVE the World.mp3
2026-03-11T17:38:03 update: updating Undertale - Lossless Soundtrack (toby fox)/toby fox - UNDERTALE Soundtrack - 48 Alphys.mp3
2026-03-11T17:38:03 update: updating Undertale - Lossless Soundtrack (toby fox)/toby fox - UNDERTALE Soundtrack - 25 Dating Start!.mp3
2026-03-11T17:38:03 update: updating Undertale - Lossless Soundtrack (toby fox)/toby fox - UNDERTALE Soundtrack - 13 Home (Music Box).mp3
2026-03-11T17:38:03 update: updating Undertale - Lossless Soundtrack (toby fox)/toby fox - UNDERTALE Soundtrack - 47 Ooo.mp3
2026-03-11T17:38:03 update: updating Undertale - Lossless Soundtrack (toby fox)/toby fox - UNDERTALE Soundtrack - 15 sans..mp3
2026-03-11T17:38:03 update: updating Undertale - Lossless Soundtrack (toby fox)/toby fox - UNDERTALE Soundtrack - 30 Undyne.mp3
2026-03-11T17:38:03 update: updating Undertale - Lossless Soundtrack (toby fox)/toby fox - UNDERTALE Soundtrack - 38 Spooktune.mp3
2026-03-11T17:38:03 update: updating Undertale - Lossless Soundtrack (toby fox)/toby fox - UNDERTALE Soundtrack - 76 Bergentrückung.mp3
2026-03-11T17:38:03 update: updating Undertale - Lossless Soundtrack (toby fox)/toby fox - UNDERTALE Soundtrack - 09 Enemy Approaching.mp3
2026-03-11T17:38:03 update: updating Undertale - Lossless Soundtrack (toby fox)/toby fox - UNDERTALE Soundtrack - 03 Your Best Friend.mp3
2026-03-11T17:38:03 update: updating Undertale - Lossless Soundtrack (toby fox)/toby fox - UNDERTALE Soundtrack - 14 Heartache.mp3
2026-03-11T17:38:03 update: updating Undertale - Lossless Soundtrack (toby fox)/toby fox - UNDERTALE Soundtrack - 29 Danger Mystery.mp3
2026-03-11T17:38:03 update: updating Undertale - Lossless Soundtrack (toby fox)/toby fox - UNDERTALE Soundtrack - 44 Tem Shop.mp3
2026-03-11T17:38:03 update: updating Undertale - Lossless Soundtrack (toby fox)/toby fox - UNDERTALE Soundtrack - 36 Dummy!.mp3
2026-03-11T17:38:03 update: updating Undertale - Lossless Soundtrack (toby fox)/toby fox - UNDERTALE Soundtrack - 70 Long Elevator.mp3
2026-03-11T17:38:03 update: updating Undertale - Lossless Soundtrack (toby fox)/toby fox - UNDERTALE Soundtrack - 68 Death by Glamour.mp3
2026-03-11T17:38:03 update: updating Undertale - Lossless Soundtrack (toby fox)/toby fox - UNDERTALE Soundtrack - 71 Undertale.mp3
2026-03-11T17:38:03 update: updating Undertale - Lossless Soundtrack (toby fox)/toby fox - UNDERTALE Soundtrack - 04 Fallen Down.mp3
2026-03-11T17:38:03 update: updating Undertale - Lossless Soundtrack (toby fox)/toby fox - UNDERTALE Soundtrack - 74 Small Shock.mp3
2026-03-11T17:38:03 update: updating Undertale - Lossless Soundtrack (toby fox)/toby fox - UNDERTALE Soundtrack - 98 Battle Against a True Hero.mp3
2026-03-11T17:38:03 update: updating Undertale - Lossless Soundtrack (toby fox)/toby fox - UNDERTALE Soundtrack - 100 MEGALOVANIA.mp3
2026-03-11T17:38:03 update: updating Undertale - Lossless Soundtrack (toby fox)/toby fox - UNDERTALE Soundtrack - 61 Oh! One True Love.mp3
2026-03-11T17:38:03 update: updating Undertale - Lossless Soundtrack (toby fox)/toby fox - UNDERTALE Soundtrack - 33 Quiet Water.mp3
2026-03-11T17:38:03 update: updating Undertale - Lossless Soundtrack (toby fox)/toby fox - UNDERTALE Soundtrack - 32 Run!.mp3
2026-03-11T17:38:03 update: updating Undertale - Lossless Soundtrack (toby fox)/toby fox - UNDERTALE Soundtrack - 08 Unnecessary Tension.mp3
2026-03-11T17:38:03 update: updating Undertale - Lossless Soundtrack (toby fox)/toby fox - UNDERTALE Soundtrack - 23 Shop.mp3
Note: Illegal Audio-MPEG-Header 0x00000000 at offset 148749.
Note: Trying to resync...
Note: Hit end of (available) data during resync.
2026-03-11T17:38:08 mpg123: mpg123_getformat() failed: Message: I am done with this track.
Note: Illegal Audio-MPEG-Header 0x00000000 at offset 148749.
Note: Trying to resync...
Note: Hit end of (available) data during resync.
2026-03-11T17:38:08 mpg123: mpg123_getformat() failed: Message: I am done with this track.
2026-03-11T17:38:08 ffmpeg/h263: Format h263 detected only with low score of 24, misdetection possible!
2026-03-11T17:38:08 ffmpeg/h263: Bad picture start code
2026-03-11T17:38:08 ffmpeg/h263: header damaged
2026-03-11T17:38:08 ffmpeg/h263: Could not find codec parameters for stream 0 (Video: h263, none): unspecified size
Consider increasing the value for the 'analyzeduration' (0) and 'probesize' (5000000) options
Note: Illegal Audio-MPEG-Header 0x00000000 at offset 158791.
Note: Trying to resync...
Note: Hit end of (available) data during resync.
2026-03-11T17:38:08 mpg123: mpg123_getformat() failed: Message: I am done with this track.
Note: Illegal Audio-MPEG-Header 0x00000000 at offset 158791.
Note: Trying to resync...
Note: Hit end of (available) data during resync.
2026-03-11T17:38:08 mpg123: mpg123_getformat() failed: Message: I am done with this track.
2026-03-11T17:38:08 ffmpeg/mp3: Format mp3 detected only with low score of 24, misdetection possible!
2026-03-11T17:38:08 ffmpeg/mp3: Failed to find two consecutive MPEG audio frames.
Note: Illegal Audio-MPEG-Header 0x00000000 at offset 159432.
Note: Trying to resync...
Note: Hit end of (available) data during resync.
2026-03-11T17:38:08 mpg123: mpg123_getformat() failed: Message: I am done with this track.
Note: Illegal Audio-MPEG-Header 0x00000000 at offset 159432.
Note: Trying to resync...
Note: Hit end of (available) data during resync.
2026-03-11T17:38:08 mpg123: mpg123_getformat() failed: Message: I am done with this track.
2026-03-11T17:38:08 ffmpeg/mp3: Format mp3 detected only with low score of 24, misdetection possible!
2026-03-11T17:38:08 ffmpeg/mp3: Failed to find two consecutive MPEG audio frames.
Note: Illegal Audio-MPEG-Header 0x00000000 at offset 158792.
Note: Trying to resync...
Note: Hit end of (available) data during resync.
2026-03-11T17:38:08 mpg123: mpg123_getformat() failed: Message: I am done with this track.
Note: Illegal Audio-MPEG-Header 0x00000000 at offset 158792.
Note: Trying to resync...
Note: Hit end of (available) data during resync.
2026-03-11T17:38:08 mpg123: mpg123_getformat() failed: Message: I am done with this track.
2026-03-11T17:38:08 ffmpeg/mp3: Format mp3 detected only with low score of 24, misdetection possible!
2026-03-11T17:38:08 ffmpeg/mp3: Failed to find two consecutive MPEG audio frames.
2026-03-11T17:38:23 player: played "Minecraft/Minecraft Volume Alpha/01 - Key.mp3"
2026-03-14T16:43:44 player: played "Minecraft/Minecraft Volume Alpha/13 - Wet Hands.mp3"
2026-03-14T16:45:22 player: played "Minecraft/Minecraft Volume Alpha/22 - Beginning.mp3"
2026-03-14T16:48:39 player: played "Minecraft/Minecraft Volume Beta/27. Mall.mp3"
2026-03-14T16:52:49 player: played "Minecraft/Minecraft Volume Beta/26. Ward.mp3"
2026-03-14T16:55:55 player: played "Minecraft/Minecraft Volume Alpha/19 - Cat.mp3"
2026-03-14T17:04:12 player: played "Minecraft/Minecraft Volume Beta/18. Dreiton.mp3"
2026-03-14T17:05:39 player: played "Minecraft/Minecraft Volume Alpha/15 - Chris.mp3"
2026-03-14T17:09:44 player: played "Minecraft/Minecraft Volume Beta/12. Floating Trees.mp3"
2026-03-14T17:12:28 player: played "Minecraft/Minecraft Volume Alpha/05 - Living Mice.mp3"
2026-03-14T17:15:34 player: played "Minecraft/Minecraft Volume Beta/09. Mutation.mp3"
2026-03-14T17:19:39 player: played "Minecraft/Minecraft Volume Alpha/08 - Minecraft.mp3"
2026-03-14T17:28:14 player: played "Minecraft/Minecraft Volume Beta/16. Taswell.mp3"
2026-03-14T17:33:47 player: played "Minecraft/Minecraft Volume Beta/04. Blind Spots.mp3"
2026-03-14T17:36:18 player: played "Minecraft/Minecraft Volume Beta/23 Stal.mp3"
2026-03-14T17:39:39 player: played "Minecraft/Minecraft Volume Alpha/07 - Haggstrom.mp3"
